level,timestamp,test_name,renoir_compile_time,renoir_execution_time,ibis_total_time
INFO,2024-05-31 11:47:54.330,test_nexmark_query_1,2.4505525030s,0.0870883540s,0.0346099250s
INFO,2024-05-31 11:47:57.008,test_nexmark_query_2,2.3803537270s,0.0852260781s,0.0464898800s
INFO,2024-05-31 11:48:00.829,test_nexmark_query_3,3.6015578980s,0.0903940300s,0.0255513750s
INFO,2024-05-31 11:48:06.664,test_nexmark_query_4,5.4767253900s,0.0940699660s,0.0648212780s
INFO,2024-05-31 11:48:11.684,test_nexmark_query_6,4.8042358890s,0.0923187820s,0.0703384820s
INFO,2024-05-31 11:48:15.091,test_non_nullable_filter_filter_select_select,2.3716393410s,0.0884925420s,0.0124556880s
INFO,2024-05-31 11:48:18.279,test_non_nullable_filter_group_mutate,3.0314851800s,0.0907633580s,0.0126931380s
INFO,2024-05-31 11:48:21.322,test_non_nullable_filter_group_mutate_reduce,2.8885958240s,0.0857699440s,0.0142387490s
INFO,2024-05-31 11:48:24.423,test_non_nullable_filter_group_select,2.9596286400s,0.0859020270s,0.0139874220s
INFO,2024-05-31 11:48:27.294,test_non_nullable_filter_reduce,2.7339028790s,0.0895136390s,0.0104745300s
INFO,2024-05-31 11:48:29.783,test_non_nullable_filter_select,2.3522229220s,0.0862355650s,0.0100377050s
INFO,2024-05-31 11:48:34.215,test_non_nullable_group_reduce_group_reduce_join,4.2558747550s,0.0929137650s,0.0191242360s
INFO,2024-05-31 11:48:38.775,test_non_nullable_group_reduce_join_mutate,4.3428408700s,0.0926478730s,0.0204760070s
INFO,2024-05-31 11:48:42.498,test_non_nullable_inner_join_select,3.5310256920s,0.0888279130s,0.0248076160s
INFO,2024-05-31 11:48:46.875,test_non_nullable_join_group_reduce,4.1997759200s,0.0912768210s,0.0203415140s
INFO,2024-05-31 11:48:50.781,test_non_nullable_left_join,3.7212785340s,0.0936710410s,0.0187931720s
INFO,2024-05-31 11:48:53.774,test_non_nullable_outer_join,2.8005220930s,0.0940295359s,0.0222266620s
INFO,2024-05-31 11:48:56.416,test_nullable_filter_filter_select_select,2.4932632330s,0.0875523150s,0.0109972800s
INFO,2024-05-31 11:48:59.635,test_nullable_filter_group_mutate,3.0665501200s,0.0860485710s,0.0117982410s
INFO,2024-05-31 11:49:02.658,test_nullable_filter_group_mutate_reduce,2.8693299500s,0.0851395100s,0.0124396160s
INFO,2024-05-31 11:49:05.770,test_nullable_filter_group_select,2.9637498980s,0.0901759770s,0.0124773060s
INFO,2024-05-31 11:49:08.721,test_nullable_filter_reduce,2.8135508030s,0.0855055870s,0.0094927910s
INFO,2024-05-31 11:49:11.257,test_nullable_filter_select,2.3993978550s,0.0864133260s,0.0078537010s
INFO,2024-05-31 11:49:15.794,test_nullable_group_reduce_group_reduce_join,4.3688581750s,0.0932122150s,0.0145867970s
INFO,2024-05-31 11:49:20.183,test_nullable_group_reduce_join_mutate,4.1880814370s,0.1027199140s,0.0205651140s
INFO,2024-05-31 11:49:24.052,test_nullable_inner_join_select,3.6883498460s,0.0885356490s,0.0206025700s
INFO,2024-05-31 11:49:28.573,test_nullable_join_group_reduce,4.3551674720s,0.0899679160s,0.0137807070s
INFO,2024-05-31 11:49:32.196,test_nullable_left_join,3.4491146751s,0.0897134100s,0.0122802360s
INFO,2024-05-31 11:49:35.115,test_nullable_outer_join,2.7334030220s,0.0910115340s,0.0129509660s
INFO,2024-05-31 11:49:38.172,test_nullable_windowing_explicit,2.8889314490s,0.0856764370s,0.0217565950s
INFO,2024-05-31 11:49:41.321,test_nullable_windowing_explicit_group,2.9677371810s,0.0852818750s,0.0114219210s
INFO,2024-05-31 11:49:44.424,test_nullable_windowing_explicit_window_far,2.9470993080s,0.0860980890s,0.0103791640s
INFO,2024-05-31 11:49:48.796,test_nullable_windowing_implicit_mean,4.2091386010s,0.0923315490s,0.0099032950s
INFO,2024-05-31 11:49:53.279,test_nullable_windowing_implicit_sum,4.3305242430s,0.0888531630s,0.0091002880s
INFO,2024-05-31 12:11:04.660,test_nexmark_query_1,2.4139850920s,0.0874418230s,0.0405449460s
INFO,2024-05-31 12:11:07.242,test_nexmark_query_2,2.3638572390s,0.0882534860s,0.0581362570s
INFO,2024-05-31 12:11:11.076,test_nexmark_query_3,3.6488032760s,0.0911295250s,0.0260722370s
INFO,2024-05-31 12:11:16.741,test_nexmark_query_4,5.4273144800s,0.0930627570s,0.0689090330s
INFO,2024-05-31 12:11:21.793,test_nexmark_query_6,4.8341567720s,0.0936505480s,0.0700497720s
INFO,2024-05-31 12:11:25.209,test_non_nullable_filter_filter_select_select,2.4888228790s,0.0853586180s,0.1862567990s
INFO,2024-05-31 12:11:28.416,test_non_nullable_filter_group_mutate,3.0629697760s,0.0935838760s,0.0208680900s
INFO,2024-05-31 12:11:31.405,test_non_nullable_filter_group_mutate_reduce,2.8675793160s,0.0881977190s,0.0158010900s
INFO,2024-05-31 12:11:34.528,test_non_nullable_filter_group_select,3.0072229740s,0.0865000800s,0.0139653830s
INFO,2024-05-31 12:11:37.406,test_non_nullable_filter_reduce,2.7643101810s,0.0875628470s,0.0116985420s
INFO,2024-05-31 12:11:39.958,test_non_nullable_filter_select,2.4367682460s,0.0892929080s,0.0122394080s
INFO,2024-05-31 12:11:44.436,test_non_nullable_group_reduce_group_reduce_join,4.3468183010s,0.0908861590s,0.0219330890s
INFO,2024-05-31 12:11:48.819,test_non_nullable_group_reduce_join_mutate,4.2416816050s,0.0910333320s,0.0257970760s
INFO,2024-05-31 12:11:52.469,test_non_nullable_inner_join_select,3.5033631000s,0.0921072520s,0.0276339520s
INFO,2024-05-31 12:11:56.757,test_non_nullable_join_group_reduce,4.1520395400s,0.0896578690s,0.0232956620s
INFO,2024-05-31 12:12:00.556,test_non_nullable_left_join,3.6601512070s,0.0900425260s,0.0208638010s
INFO,2024-05-31 12:12:03.529,test_non_nullable_outer_join,2.8009086670s,0.0886034210s,0.0213331270s
INFO,2024-05-31 12:12:06.107,test_nullable_filter_filter_select_select,2.4559390880s,0.0863319590s,0.0109686840s
INFO,2024-05-31 12:12:09.266,test_nullable_filter_group_mutate,3.0306805770s,0.0874474060s,0.0113571400s
INFO,2024-05-31 12:12:12.229,test_nullable_filter_group_mutate_reduce,2.8389879040s,0.0862702850s,0.0120562150s
INFO,2024-05-31 12:12:15.266,test_nullable_filter_group_select,2.9163790450s,0.0879900590s,0.0094761430s
INFO,2024-05-31 12:12:18.119,test_nullable_filter_reduce,2.7364397570s,0.0852885840s,0.0081481891s
INFO,2024-05-31 12:12:20.590,test_nullable_filter_select,2.3545617540s,0.0848466750s,0.0091603170s
INFO,2024-05-31 12:12:25.048,test_nullable_group_reduce_group_reduce_join,4.3218703890s,0.0931969900s,0.0154950130s
INFO,2024-05-31 12:12:29.413,test_nullable_group_reduce_join_mutate,4.2236824700s,0.0903497950s,0.0175830640s
INFO,2024-05-31 12:12:33.291,test_nullable_inner_join_select,3.7283723920s,0.0963722660s,0.0206134580s
INFO,2024-05-31 12:12:37.776,test_nullable_join_group_reduce,4.3495743320s,0.0916496860s,0.0139331350s
INFO,2024-05-31 12:12:41.285,test_nullable_left_join,3.3661388220s,0.0897240890s,0.0135125000s
INFO,2024-05-31 12:12:44.170,test_nullable_outer_join,2.7364402100s,0.0902343420s,0.0139442040s
INFO,2024-05-31 12:12:47.271,test_nullable_windowing_explicit,2.9711608130s,0.0851159050s,0.0098088480s
INFO,2024-05-31 12:12:50.331,test_nullable_windowing_explicit_group,2.9201229810s,0.0862231950s,0.0129940060s
INFO,2024-05-31 12:12:53.336,test_nullable_windowing_explicit_window_far,2.8713249240s,0.0861719690s,0.0112765600s
INFO,2024-05-31 12:12:57.735,test_nullable_windowing_implicit_mean,4.2563446210s,0.0906627060s,0.0113311250s
INFO,2024-05-31 12:13:02.065,test_nullable_windowing_implicit_sum,4.1885353780s,0.0948249230s,0.0109962350s
INFO,2024-05-31 15:25:19.146,test_nexmark_query_1,2.4651220280s,0.0906960000s,0.0442038370s
INFO,2024-05-31 15:26:07.331,test_nexmark_query_1,1.7269369390s,0.0866832130s,0.0403311930s
INFO,2024-05-31 15:26:15.537,test_nexmark_query_1,1.7474509880s,0.0889564240s,0.0400651580s
INFO,2024-05-31 15:26:18.049,test_nexmark_query_2,2.3021198290s,0.0872177240s,0.0501221560s
INFO,2024-05-31 15:26:21.820,test_nexmark_query_3,3.5818047040s,0.0910798170s,0.0264799410s
INFO,2024-05-31 15:26:27.555,test_nexmark_query_4,5.4990825960s,0.0940373280s,0.0699165410s
INFO,2024-05-31 15:26:32.521,test_nexmark_query_6,4.7367173290s,0.0970095940s,0.0776315070s
INFO,2024-05-31 15:26:35.897,test_non_nullable_filter_filter_select_select,2.4661422970s,0.0870916130s,0.1791104230s
INFO,2024-05-31 15:26:38.912,test_non_nullable_filter_group_mutate,2.8897829780s,0.0877365810s,0.0160312200s
INFO,2024-05-31 15:26:41.888,test_non_nullable_filter_group_mutate_reduce,2.8547622481s,0.0876448080s,0.0160244550s
INFO,2024-05-31 15:26:44.925,test_non_nullable_filter_group_select,2.9186171030s,0.0894260920s,0.0131065420s
INFO,2024-05-31 15:26:47.801,test_non_nullable_filter_reduce,2.7637128690s,0.0851864110s,0.0118588140s
INFO,2024-05-31 15:26:50.275,test_non_nullable_filter_select,2.3608767690s,0.0866346980s,0.0122124080s
INFO,2024-05-31 15:26:54.836,test_non_nullable_group_reduce_group_reduce_join,4.4252151700s,0.0921336740s,0.0228755040s
INFO,2024-05-31 15:26:59.438,test_non_nullable_group_reduce_join_mutate,4.4580900710s,0.0938038520s,0.0245215750s
INFO,2024-05-31 15:27:03.175,test_non_nullable_inner_join_select,3.5886355070s,0.0917661360s,0.0276237360s
INFO,2024-05-31 15:27:07.753,test_non_nullable_join_group_reduce,4.3717037470s,0.1166483570s,0.0459391960s
INFO,2024-05-31 15:27:11.359,test_non_nullable_left_join,3.4618256880s,0.0893436230s,0.0208277230s
INFO,2024-05-31 15:27:14.287,test_non_nullable_outer_join,2.7498282440s,0.0924217540s,0.0228793590s
INFO,2024-05-31 15:27:16.830,test_nullable_filter_filter_select_select,2.4189528610s,0.0872045060s,0.0105663990s
INFO,2024-05-31 15:27:19.915,test_nullable_filter_group_mutate,2.9549356030s,0.0898425320s,0.0111651590s
INFO,2024-05-31 15:27:22.990,test_nullable_filter_group_mutate_reduce,2.9442614880s,0.0909679920s,0.0125087770s
INFO,2024-05-31 15:27:26.051,test_nullable_filter_group_select,2.9380806000s,0.0879699280s,0.0098306350s
INFO,2024-05-31 15:27:28.955,test_nullable_filter_reduce,2.7800909870s,0.0911699120s,0.0096959750s
INFO,2024-05-31 15:27:31.436,test_nullable_filter_select,2.3607950550s,0.0872263670s,0.0097303270s
INFO,2024-05-31 15:27:35.901,test_nullable_group_reduce_group_reduce_join,4.3283759630s,0.0919099300s,0.0164838530s
INFO,2024-05-31 15:27:40.325,test_nullable_group_reduce_join_mutate,4.2700629060s,0.0933819210s,0.0213757260s
INFO,2024-05-31 15:27:43.987,test_nullable_inner_join_select,3.5173852390s,0.0912188170s,0.0203619270s
INFO,2024-05-31 15:27:48.303,test_nullable_join_group_reduce,4.1793592920s,0.0909198650s,0.0145922300s
INFO,2024-05-31 15:27:51.902,test_nullable_left_join,3.4532095030s,0.0917948300s,0.0135196280s
INFO,2024-05-31 15:27:54.733,test_nullable_outer_join,2.6801663120s,0.0893280390s,0.0146186100s
INFO,2024-05-31 15:27:57.736,test_nullable_windowing_explicit,2.8714348730s,0.0849355030s,0.0096046110s
INFO,2024-05-31 15:28:00.816,test_nullable_windowing_explicit_group,2.9318933200s,0.0923707640s,0.0129402500s
INFO,2024-05-31 15:28:03.828,test_nullable_windowing_explicit_window_far,2.8769775900s,0.0858964870s,0.0107960720s
INFO,2024-05-31 15:28:08.282,test_nullable_windowing_implicit_mean,4.3115756690s,0.0908744840s,0.0096535620s
INFO,2024-05-31 15:28:12.576,test_nullable_windowing_implicit_sum,4.1602316160s,0.0902126210s,0.0092632250s
INFO,2024-06-03 10:33:38.075,test_nexmark_query_1,2.1995724350s,0.0871097750s,0.0424088680s
INFO,2024-06-03 10:33:40.414,test_nexmark_query_2,2.1440933950s,0.0859044680s,0.0478959970s
INFO,2024-06-03 10:33:43.829,test_nexmark_query_3,3.2147490390s,0.1175554110s,0.0316575050s
INFO,2024-06-03 10:33:49.055,test_nexmark_query_4,4.9807476020s,0.0974714960s,0.0787583150s
INFO,2024-06-03 10:36:50.449,test_nexmark_query_1,2.2419446320s,0.0879169510s,0.0420945500s
INFO,2024-06-03 10:36:52.866,test_nexmark_query_2,2.2227252670s,0.0867280450s,0.0471909180s
INFO,2024-06-03 10:36:56.513,test_nexmark_query_3,3.4344947130s,0.1215240710s,0.0372325380s
INFO,2024-06-03 10:37:01.902,test_nexmark_query_4,5.1459224140s,0.0998021730s,0.0658267590s
INFO,2024-06-03 10:37:06.594,test_nexmark_query_6,4.4402067250s,0.0941456040s,0.1034560510s
INFO,2024-06-03 10:37:08.961,test_non_nullable_filter_filter_select_select,2.2281596680s,0.0839034600s,0.0363307080s
INFO,2024-06-03 10:37:11.840,test_non_nullable_filter_group_mutate,2.7516833420s,0.0868900780s,0.0146100080s
INFO,2024-06-03 10:37:14.554,test_non_nullable_filter_group_mutate_reduce,2.5927142030s,0.0844667970s,0.0194270310s
INFO,2024-06-03 10:37:17.342,test_non_nullable_filter_group_select,2.6720625060s,0.0853225760s,0.0145880289s
INFO,2024-06-03 10:37:19.942,test_non_nullable_filter_reduce,2.4778997870s,0.0937969130s,0.0138786510s
INFO,2024-06-03 10:37:22.300,test_non_nullable_filter_select,2.2374931540s,0.0905864630s,0.0145523980s
INFO,2024-06-03 10:37:26.528,test_non_nullable_group_reduce_group_reduce_join,4.0936727780s,0.0916986380s,0.0228948150s
INFO,2024-06-03 10:37:30.520,test_non_nullable_group_reduce_join_mutate,3.8505569660s,0.0904573720s,0.0241686970s
INFO,2024-06-03 10:37:33.962,test_non_nullable_inner_join_select,3.2990343330s,0.0905636240s,0.0290602840s
INFO,2024-06-03 10:37:38.163,test_non_nullable_join_group_reduce,4.0505368320s,0.0993573280s,0.0239792690s
INFO,2024-06-03 10:37:41.407,test_non_nullable_left_join,3.1003031630s,0.0900150950s,0.0235252160s
INFO,2024-06-03 10:37:44.215,test_non_nullable_outer_join,2.6696950030s,0.0872743910s,0.0226065890s
INFO,2024-06-03 10:37:46.544,test_nullable_filter_filter_select_select,2.2076183410s,0.0841925930s,0.0124946180s
INFO,2024-06-03 10:37:49.571,test_nullable_filter_group_mutate,2.9073831020s,0.0820621810s,0.0106757770s
INFO,2024-06-03 10:37:52.381,test_nullable_filter_group_mutate_reduce,2.6860391150s,0.0844426790s,0.0132692380s
INFO,2024-06-03 10:37:55.345,test_nullable_filter_group_select,2.8415195280s,0.0874530050s,0.0107165960s
INFO,2024-06-03 10:37:57.938,test_nullable_filter_reduce,2.4776851910s,0.0848122610s,0.0089469530s
INFO,2024-06-03 10:38:00.184,test_nullable_filter_select,2.1283119370s,0.0844445590s,0.0095397910s
INFO,2024-06-03 10:38:04.244,test_nullable_group_reduce_group_reduce_join,3.9231913851s,0.0914624510s,0.0164347540s
INFO,2024-06-03 10:38:08.198,test_nullable_group_reduce_join_mutate,3.8126753269s,0.0905850950s,0.0185907340s
INFO,2024-06-03 10:38:11.527,test_nullable_inner_join_select,3.1847055560s,0.0919706610s,0.0211017090s
INFO,2024-06-03 10:38:15.877,test_nullable_join_group_reduce,4.2058612520s,0.0979972540s,0.0162604920s
INFO,2024-06-03 10:38:19.275,test_nullable_left_join,3.2358930220s,0.1013202930s,0.0174092459s
INFO,2024-06-03 10:38:22.010,test_nullable_outer_join,2.5833575080s,0.0906164290s,0.0136696520s
INFO,2024-06-03 10:38:24.860,test_nullable_windowing_explicit,2.7124148810s,0.0887122980s,0.0109383090s
INFO,2024-06-03 10:38:27.704,test_nullable_windowing_explicit_group,2.7024576750s,0.0868094480s,0.0135288250s
INFO,2024-06-03 10:38:30.570,test_nullable_windowing_explicit_window_far,2.7270074090s,0.0857501930s,0.0105377840s
INFO,2024-06-03 10:38:35.170,test_nullable_windowing_implicit_mean,4.4606207500s,0.0900054200s,0.0105581510s
INFO,2024-06-03 10:38:39.193,test_nullable_windowing_implicit_sum,3.8875935510s,0.0902421030s,0.0090768530s
INFO,2024-06-03 10:39:40.615,test_nexmark_query_1,2.2175268440s,0.0863309770s,0.0432576000s
INFO,2024-06-03 10:39:43.147,test_nexmark_query_2,2.3137234310s,0.0938189560s,0.0635749670s
INFO,2024-06-03 10:39:46.651,test_nexmark_query_3,3.3211339060s,0.0890769620s,0.0282086330s
INFO,2024-06-03 10:39:52.163,test_nexmark_query_4,5.2862809700s,0.0912899741s,0.0623915330s
INFO,2024-06-03 10:39:56.688,test_nexmark_query_6,4.3174820190s,0.0915200080s,0.0673867370s
INFO,2024-06-03 10:39:59.083,test_non_nullable_filter_filter_select_select,2.2666379000s,0.0810160530s,0.0324867150s
INFO,2024-06-03 10:40:01.871,test_non_nullable_filter_group_mutate,2.6719581820s,0.0821571420s,0.0147678080s
INFO,2024-06-03 10:40:04.672,test_non_nullable_filter_group_mutate_reduce,2.6840647680s,0.0856409250s,0.0149572070s
INFO,2024-06-03 10:40:07.502,test_non_nullable_filter_group_select,2.7132485250s,0.0860670260s,0.0159854500s
INFO,2024-06-03 10:40:10.147,test_non_nullable_filter_reduce,2.5355095330s,0.0839545380s,0.0119254951s
INFO,2024-06-03 10:40:12.417,test_non_nullable_filter_select,2.1596039270s,0.0838932530s,0.0130351410s
INFO,2024-06-03 10:40:16.612,test_non_nullable_group_reduce_group_reduce_join,4.0677066750s,0.0867877480s,0.0219028410s
INFO,2024-06-03 10:40:20.657,test_non_nullable_group_reduce_join_mutate,3.9043353360s,0.0920767410s,0.0239522680s
INFO,2024-06-03 10:40:24.297,test_non_nullable_inner_join_select,3.4804250540s,0.1028060670s,0.0350795760s
INFO,2024-06-03 10:41:18.397,test_nexmark_query_1,2.1967492680s,0.0881113640s,0.0416897440s
INFO,2024-06-03 10:41:20.699,test_nexmark_query_2,2.1086749790s,0.0835562070s,0.0478849530s
INFO,2024-06-03 10:41:24.138,test_nexmark_query_3,3.2525177920s,0.0938723950s,0.0409235600s
INFO,2024-06-03 10:41:29.620,test_nexmark_query_4,5.2555630210s,0.0910529350s,0.0626386889s
INFO,2024-06-03 10:41:34.346,test_nexmark_query_6,4.5216539590s,0.0893851920s,0.0669357270s
INFO,2024-06-03 10:42:15.463,test_nexmark_query_1,2.3510851370s,0.0878045470s,0.0662200210s
INFO,2024-06-03 10:42:17.774,test_nexmark_query_2,2.1241685030s,0.0830441790s,0.0451119700s
INFO,2024-06-03 10:42:21.145,test_nexmark_query_3,3.2040181120s,0.0908550040s,0.0282491010s
INFO,2024-06-03 10:42:26.745,test_nexmark_query_4,5.3572316510s,0.0995720600s,0.0707045191s
INFO,2024-06-03 10:42:31.801,test_nexmark_query_6,4.7860602660s,0.1028158620s,0.0756142330s
INFO,2024-06-03 10:43:25.927,test_nexmark_query_1,2.3821584590s,0.0857413510s,0.0411014070s
INFO,2024-06-03 10:46:17.748,test_nexmark_query_1,1.5349069440s,0.0865475630s,0.0414472790s
INFO,2024-06-03 14:38:06.041,test_nullable_filter_filter_select_select,2.6504109180s,0.0852959760s,0.0200743090s
INFO,2024-06-03 14:48:15.679,test_nullable_filter_filter_select_select,1.5478307499s,0.0856964470s,0.0172921640s
INFO,2024-06-03 14:48:19.217,test_nullable_filter_group_mutate,2.7187269610s,0.0855855250s,0.0181598740s
INFO,2024-06-03 14:48:22.672,test_nullable_filter_group_mutate_reduce,2.6283418240s,0.0843902890s,0.0204702390s
INFO,2024-06-03 14:52:30.814,test_nullable_filter_filter_select_select,2.1486514610s,0.0842264580s,0.0153259230s
INFO,2024-06-03 14:52:34.577,test_nullable_filter_group_mutate,2.9157988740s,0.1109227780s,0.0216445330s
INFO,2024-06-03 14:52:38.301,test_nullable_filter_group_mutate_reduce,2.7955322780s,0.0927076880s,0.0162288840s
INFO,2024-06-03 14:52:41.983,test_nullable_filter_group_select,2.7796822560s,0.0853704180s,0.0136412340s
INFO,2024-06-03 14:52:45.304,test_nullable_filter_reduce,2.4993570391s,0.0841774870s,0.0128623400s
INFO,2024-06-03 14:52:48.514,test_nullable_filter_select,2.3679399150s,0.0882539080s,0.0129142510s
INFO,2024-06-03 14:52:53.574,test_nullable_group_reduce_group_reduce_join,4.1734648180s,0.0910090970s,0.0211527990s
INFO,2024-06-03 14:52:58.590,test_nullable_group_reduce_join_mutate,4.1135166220s,0.1166749220s,0.0232503540s
INFO,2024-06-03 14:53:02.898,test_nullable_inner_join_select,3.3259438530s,0.0893529510s,0.0241118910s
INFO,2024-06-03 14:53:07.728,test_nullable_join_group_reduce,3.9714641190s,0.0924925180s,0.0197751220s
INFO,2024-06-03 14:53:11.867,test_nullable_left_join,3.2017486970s,0.0929978390s,0.0176922141s
INFO,2024-06-03 14:54:23.719,test_nullable_filter_filter_select_select,2.2121106510s,0.0834222600s,0.0152665070s
INFO,2024-06-03 14:54:27.446,test_nullable_filter_group_mutate,2.8995938930s,0.0890723770s,0.0174246060s
INFO,2024-06-03 14:54:31.227,test_nullable_filter_group_mutate_reduce,2.9242437650s,0.0841583490s,0.0171045850s
INFO,2024-06-03 14:54:34.777,test_nullable_filter_group_select,2.7104237900s,0.1174821210s,0.0138676320s
INFO,2024-06-03 14:54:38.307,test_nullable_filter_reduce,2.6847056800s,0.0892359280s,0.0119127530s
INFO,2024-06-03 14:54:41.892,test_nullable_filter_select,2.5955734300s,0.0875761450s,0.0125820380s
INFO,2024-06-03 14:55:06.553,test_nullable_filter_filter_select_select,2.4774547100s,0.0867409280s,0.0149942640s
INFO,2024-06-03 14:55:10.456,test_nullable_filter_group_mutate,3.0179929280s,0.0948716440s,0.0148330370s
INFO,2024-06-03 14:55:14.195,test_nullable_filter_group_mutate_reduce,2.8317009070s,0.0900969020s,0.0160687290s
INFO,2024-06-03 14:55:17.894,test_nullable_filter_group_select,2.8070855100s,0.0863497530s,0.0134284020s
INFO,2024-06-03 14:55:21.261,test_nullable_filter_reduce,2.5463164150s,0.0836066401s,0.0133904610s
INFO,2024-06-03 14:55:57.378,test_nullable_filter_filter_select_select,2.2341158900s,0.0832727070s,0.0156006170s
INFO,2024-06-03 14:56:00.997,test_nullable_filter_group_mutate,2.7958992500s,0.0860454780s,0.0155560170s
INFO,2024-06-03 14:59:39.753,test_nullable_filter_filter_select_select,2.3639384330s,0.0865406070s,0.0159396780s
INFO,2024-06-03 14:59:43.583,test_nullable_filter_group_mutate,2.9558860710s,0.0844348180s,0.0162230740s
INFO,2024-06-03 14:59:47.126,test_nullable_filter_group_mutate_reduce,2.7029852740s,0.0859496760s,0.0165918720s
INFO,2024-06-03 14:59:50.958,test_nullable_filter_group_select,2.9295702890s,0.0830960770s,0.0168779690s
INFO,2024-06-03 14:59:54.494,test_nullable_filter_reduce,2.6081480770s,0.0842539550s,0.0118205360s
INFO,2024-06-03 14:59:57.638,test_nullable_filter_select,2.2578871920s,0.0834292900s,0.0126505900s
INFO,2024-06-03 15:00:02.425,test_nullable_group_reduce_group_reduce_join,3.9446005020s,0.0884376710s,0.0198788540s
INFO,2024-06-03 15:00:07.118,test_nullable_group_reduce_join_mutate,3.8336934500s,0.0905788380s,0.0253373590s
INFO,2024-06-03 15:00:11.325,test_nullable_inner_join_select,3.3362118690s,0.0913274820s,0.0239053740s
INFO,2024-06-03 15:00:16.212,test_nullable_join_group_reduce,3.9975053730s,0.0899921080s,0.0178981660s
INFO,2024-06-03 15:00:20.211,test_nullable_left_join,3.0978090250s,0.0890011370s,0.0179090130s
INFO,2024-06-03 15:00:23.548,test_nullable_outer_join,2.4697506530s,0.0905133140s,0.0155604290s
INFO,2024-06-03 15:00:27.107,test_nullable_windowing_explicit,2.7084732700s,0.0835003240s,0.0128845870s
INFO,2024-06-03 15:00:30.623,test_nullable_windowing_explicit_group,2.6505094330s,0.0838655070s,0.0146081040s
INFO,2024-06-03 15:00:34.357,test_nullable_windowing_explicit_window_far,2.8883669800s,0.0846962130s,0.0130010440s
INFO,2024-06-03 15:00:39.762,test_nullable_windowing_implicit_mean,3.8917236970s,0.0907768100s,0.0118086800s
INFO,2024-06-03 15:00:44.494,test_nullable_windowing_implicit_sum,3.8224795730s,0.0890498780s,0.0116243030s
INFO,2024-06-03 15:00:47.613,test_non_nullable_filter_filter_select_select,2.2465436660s,0.0843157860s,0.1884450350s
INFO,2024-06-03 15:00:51.239,test_non_nullable_filter_group_mutate,2.7071356800s,0.0862156540s,0.1759364720s
INFO,2024-06-03 15:00:54.766,test_non_nullable_filter_group_mutate_reduce,2.6293172010s,0.0860217240s,0.1755779810s
INFO,2024-06-03 15:00:58.326,test_non_nullable_filter_group_select,2.6905721290s,0.0875779950s,0.1815104160s
INFO,2024-06-03 15:01:01.642,test_non_nullable_filter_reduce,2.4596566790s,0.0942082520s,0.1737476490s
INFO,2024-06-03 15:01:04.716,test_non_nullable_filter_select,2.1881472810s,0.0895556680s,0.1714306980s
INFO,2024-06-03 15:01:09.874,test_non_nullable_group_reduce_group_reduce_join,4.2231881541s,0.1000252510s,0.1834885950s
INFO,2024-06-03 15:01:14.689,test_non_nullable_group_reduce_join_mutate,3.9304213860s,0.0895497460s,0.1836071390s
INFO,2024-06-03 15:01:18.753,test_non_nullable_inner_join_select,3.1912238610s,0.0890517720s,0.1957195080s
INFO,2024-06-03 15:01:23.469,test_non_nullable_join_group_reduce,3.8222989810s,0.0918114170s,0.1840981810s
INFO,2024-06-03 15:01:27.610,test_non_nullable_left_join,3.1873340440s,0.1229275920s,0.1909650360s
INFO,2024-06-03 15:01:31.130,test_non_nullable_outer_join,2.5964999770s,0.0890474960s,0.1943523480s
INFO,2024-06-03 15:01:34.651,test_nexmark_query_1,2.5009446670s,0.1241616430s,0.0435625210s
INFO,2024-06-03 15:01:38.155,test_nexmark_query_2,2.4313832170s,0.0850437820s,0.0504273620s
INFO,2024-06-03 15:01:42.512,test_nexmark_query_3,3.3736050790s,0.0899824590s,0.0311572870s
INFO,2024-06-03 15:01:48.820,test_nexmark_query_4,5.3318789820s,0.0921278820s,0.0660094990s
INFO,2024-06-03 15:01:54.173,test_nexmark_query_6,4.3916100540s,0.0933662110s,0.0746404080s
INFO,2024-06-03 15:49:51.472,test_nullable_filter_filter_select_select,2.2818319980s,0.0859583610s,0.0143270250s
INFO,2024-06-03 15:49:55.284,test_nullable_filter_group_mutate,2.9029224240s,0.0885090750s,0.0158976310s
INFO,2024-06-03 15:49:58.980,test_nullable_filter_group_mutate_reduce,2.7514101020s,0.0851253370s,0.0162793370s
INFO,2024-06-03 15:50:02.555,test_nullable_filter_group_select,2.6582797140s,0.0872496070s,0.0162510740s
INFO,2024-06-03 15:50:05.968,test_nullable_filter_reduce,2.4617466470s,0.0914442330s,0.0121164040s
INFO,2024-06-03 15:50:08.914,test_nullable_filter_select,2.0991002810s,0.0831177350s,0.0113790880s
INFO,2024-06-03 15:50:13.705,test_nullable_group_reduce_group_reduce_join,3.8881975950s,0.1065491140s,0.0182386740s
INFO,2024-06-03 15:50:20.922,test_nullable_inner_join_select,3.3527227700s,0.0913157490s,0.0256484100s
INFO,2024-06-03 15:50:28.833,test_nullable_windowing_implicit_mean,4.2694480190s,0.0963241350s,0.0116044470s
INFO,2024-06-03 15:50:33.746,test_nullable_windowing_implicit_sum,3.9467285120s,0.0894161930s,0.0105781890s
INFO,2024-06-03 15:50:37.134,test_non_nullable_filter_filter_select_select,2.4621216650s,0.0840782280s,0.1937587710s
INFO,2024-06-03 15:50:40.774,test_non_nullable_filter_group_mutate,2.7386950640s,0.0841010970s,0.1806019980s
INFO,2024-06-03 15:50:44.243,test_non_nullable_filter_group_mutate_reduce,2.5944029020s,0.0850272430s,0.1796785330s
INFO,2024-06-03 15:50:48.031,test_non_nullable_filter_group_select,2.8351437500s,0.0893479640s,0.2052987850s
INFO,2024-06-03 15:50:51.611,test_non_nullable_filter_reduce,2.6148416010s,0.0857072470s,0.2280117950s
INFO,2024-06-03 15:50:54.660,test_non_nullable_filter_select,2.1313269690s,0.0844508980s,0.1854505260s
INFO,2024-06-03 15:50:59.907,test_non_nullable_group_reduce_group_reduce_join,4.2880228510s,0.0918770060s,0.1863825600s
INFO,2024-06-03 15:51:04.673,test_non_nullable_group_reduce_join_mutate,3.8627467690s,0.0891146800s,0.1807752230s
INFO,2024-06-03 15:51:08.813,test_non_nullable_inner_join_select,3.2493406260s,0.0877514940s,0.2330163550s
INFO,2024-06-03 15:51:13.569,test_non_nullable_join_group_reduce,3.8800987480s,0.0967089240s,0.1891389970s
INFO,2024-06-03 15:51:17.939,test_non_nullable_left_join,3.4482358630s,0.0936427670s,0.2179831930s
INFO,2024-06-03 15:51:21.316,test_non_nullable_outer_join,2.5130363360s,0.0914142530s,0.2002369950s
INFO,2024-06-03 15:51:24.640,test_nexmark_query_1,2.3218392310s,0.0898666700s,0.0443371080s
INFO,2024-06-03 15:51:27.869,test_nexmark_query_2,2.3271127010s,0.0863078300s,0.0547175390s
INFO,2024-06-03 15:51:32.392,test_nexmark_query_3,3.5426629660s,0.0912686630s,0.0303704590s
INFO,2024-06-03 15:51:38.692,test_nexmark_query_4,5.3142180610s,0.1099475850s,0.0688193280s
INFO,2024-06-03 15:51:44.258,test_nexmark_query_6,4.5574008210s,0.0961476090s,0.0753960090s
INFO,2024-06-03 15:53:05.591,test_nullable_filter_filter_select_select,2.4369966000s,0.0948807950s,0.0143684540s
INFO,2024-06-03 15:53:09.157,test_nullable_filter_group_mutate,2.7255181280s,0.0879636330s,0.0147677740s
INFO,2024-06-03 15:53:12.776,test_nullable_filter_group_mutate_reduce,2.6724239550s,0.0864852210s,0.0154333720s
INFO,2024-06-03 15:53:16.287,test_nullable_filter_group_select,2.6803206020s,0.0841652430s,0.0139304530s
INFO,2024-06-03 15:53:19.740,test_nullable_filter_reduce,2.6196054570s,0.0857131410s,0.0108181570s
INFO,2024-06-03 15:53:22.927,test_nullable_filter_select,2.3331273380s,0.0912361130s,0.0125334130s
INFO,2024-06-03 15:53:27.854,test_nullable_group_reduce_group_reduce_join,4.0828580890s,0.0899810000s,0.0186860900s
INFO,2024-06-03 15:53:32.810,test_nullable_group_reduce_join_mutate,4.0861914910s,0.0965670630s,0.0253628610s
INFO,2024-06-03 15:53:37.013,test_nullable_inner_join_select,3.2909514920s,0.0914559040s,0.0239215390s
INFO,2024-06-03 15:53:41.750,test_nullable_join_group_reduce,3.8813671160s,0.0909158850s,0.0181172100s
INFO,2024-06-03 15:53:45.875,test_nullable_left_join,3.2486397190s,0.0879728380s,0.0176307420s
INFO,2024-06-03 15:54:04.091,test_nullable_filter_filter_select_select,2.4941063570s,0.0947741050s,0.0193300510s
INFO,2024-06-03 15:54:07.768,test_nullable_filter_group_mutate,2.7664619300s,0.0848002200s,0.0150777260s
INFO,2024-06-03 15:54:11.321,test_nullable_filter_group_mutate_reduce,2.6932888570s,0.0900206230s,0.0157911920s
INFO,2024-06-03 15:54:14.943,test_nullable_filter_group_select,2.7067035510s,0.0875995800s,0.0126888070s
INFO,2024-06-03 15:54:18.374,test_nullable_filter_reduce,2.5981673900s,0.0844777010s,0.0119145470s
INFO,2024-06-03 15:58:38.679,test_nullable_filter_filter_select_select,2.2958188630s,0.0841628620s,0.0142709510s
INFO,2024-06-03 15:58:42.619,test_nullable_filter_group_mutate,3.1101311090s,0.0877886950s,0.0142815950s
INFO,2024-06-03 15:58:46.165,test_nullable_filter_group_mutate_reduce,2.6980973899s,0.0894149060s,0.0170686520s
INFO,2024-06-03 15:58:49.717,test_nullable_filter_group_select,2.6631214740s,0.0897885900s,0.0146646030s
INFO,2024-06-03 15:58:53.431,test_nullable_filter_reduce,2.7772895060s,0.0874491830s,0.0120091340s
INFO,2024-06-03 15:58:56.600,test_nullable_filter_select,2.2700151710s,0.0899183970s,0.0149615630s
INFO,2024-06-03 15:59:01.889,test_nullable_group_reduce_group_reduce_join,4.4084106770s,0.0959338180s,0.0188056410s
INFO,2024-06-03 15:59:06.599,test_nullable_group_reduce_join_mutate,3.8598536310s,0.0935059720s,0.0239897790s
INFO,2024-06-03 15:59:10.942,test_nullable_inner_join_select,3.4441630520s,0.0986791210s,0.0266828810s
INFO,2024-06-03 15:59:15.783,test_nullable_join_group_reduce,3.9244501720s,0.0891320280s,0.0200917040s
INFO,2024-06-03 15:59:19.846,test_nullable_left_join,3.1895724580s,0.0880350660s,0.0172437430s
INFO,2024-06-03 15:59:23.378,test_nullable_outer_join,2.6301592640s,0.0866917480s,0.0181605500s
INFO,2024-06-03 15:59:26.872,test_nullable_windowing_explicit,2.6643598550s,0.0841802511s,0.0108953630s
INFO,2024-06-03 15:59:30.576,test_nullable_windowing_explicit_group,2.8539497450s,0.0859687370s,0.0140240730s
INFO,2024-06-03 15:59:34.360,test_nullable_windowing_explicit_window_far,2.8957381720s,0.0867433030s,0.0142687600s
INFO,2024-06-03 15:59:39.753,test_nullable_windowing_implicit_mean,4.0189679660s,0.0898815460s,0.0121845400s
INFO,2024-06-03 15:59:44.435,test_nullable_windowing_implicit_sum,3.8664436360s,0.0884484610s,0.0113276260s
INFO,2024-06-03 15:59:47.558,test_non_nullable_filter_filter_select_select,2.2673342680s,0.0848266760s,0.1763908840s
INFO,2024-06-03 15:59:51.347,test_non_nullable_filter_group_mutate,2.8210252130s,0.1082217940s,0.2396218780s
INFO,2024-06-03 15:59:55.214,test_non_nullable_filter_group_mutate_reduce,2.9820657400s,0.0889069750s,0.1825629930s
INFO,2024-06-03 15:59:58.921,test_non_nullable_filter_group_select,2.7926372590s,0.0870990879s,0.1752978160s
INFO,2024-06-03 16:00:02.452,test_non_nullable_filter_reduce,2.6483905130s,0.0858865130s,0.2106524540s
INFO,2024-06-03 16:00:05.488,test_non_nullable_filter_select,2.1467227699s,0.0859676040s,0.1818090870s
INFO,2024-06-03 16:00:10.252,test_non_nullable_group_reduce_group_reduce_join,3.8924926460s,0.0906709910s,0.1850465580s
INFO,2024-06-03 16:00:15.036,test_non_nullable_group_reduce_join_mutate,3.9303769080s,0.0899425940s,0.1876461220s
INFO,2024-06-03 16:00:19.282,test_non_nullable_inner_join_select,3.3093085650s,0.0877183590s,0.2332130120s
INFO,2024-06-03 16:00:24.506,test_non_nullable_join_group_reduce,4.2964865090s,0.0973482390s,0.1917045810s
INFO,2024-06-03 16:00:28.775,test_non_nullable_left_join,3.3651672680s,0.0950483030s,0.1913198490s
INFO,2024-06-03 16:00:32.258,test_non_nullable_outer_join,2.6112154550s,0.0910587900s,0.1836321290s
INFO,2024-06-03 16:00:35.454,test_nexmark_query_1,2.3144008660s,0.0870317510s,0.0408788990s
INFO,2024-06-03 16:00:38.733,test_nexmark_query_2,2.2960254580s,0.0874803120s,0.0575635110s
INFO,2024-06-03 16:00:43.268,test_nexmark_query_3,3.6553150740s,0.0888443670s,0.0296072650s
INFO,2024-06-03 16:00:49.429,test_nexmark_query_4,5.2209857370s,0.1061753680s,0.0677225480s
INFO,2024-06-03 16:00:54.941,test_nexmark_query_6,4.5207441230s,0.0954814490s,0.0835482940s
INFO,2024-06-03 16:04:33.876,test_nullable_filter_filter_select_select,2.2719911510s,0.0842881440s,0.0169235700s
INFO,2024-06-03 16:04:37.399,test_nullable_filter_group_mutate,2.7092780720s,0.0846811200s,0.0158962570s
INFO,2024-06-03 16:04:43.018,test_nullable_filter_group_select,2.7035215880s,0.0850566280s,0.0135167690s
INFO,2024-06-03 16:08:08.007,test_nullable_filter_filter_select_select,2.1945779940s,0.0899794280s,0.0137919010s
INFO,2024-06-03 16:08:26.181,test_nullable_filter_filter_select_select,1.5462605690s,0.0968760590s,0.0152699340s
INFO,2024-06-03 16:08:44.929,test_nullable_filter_filter_select_select,1.5612528430s,0.0907506390s,0.0144941030s
INFO,2024-06-03 16:12:02.140,test_nullable_filter_filter_select_select,1.5779938430s,0.0807425950s,0.0123758790s
INFO,2024-06-03 16:12:05.820,test_nullable_filter_group_mutate,2.8779076760s,0.0842082350s,0.0136341070s
INFO,2024-06-03 16:12:09.504,test_nullable_filter_group_mutate_reduce,2.8001014970s,0.0818864610s,0.0141868490s
INFO,2024-06-03 16:12:13.070,test_nullable_filter_group_select,2.7619233760s,0.0812017940s,0.0118136930s
INFO,2024-06-03 16:12:16.665,test_nullable_filter_reduce,2.7592892470s,0.0804545900s,0.0105050810s
INFO,2024-06-03 16:12:19.618,test_nullable_filter_select,2.1098490380s,0.0816564600s,0.0107697050s
INFO,2024-06-03 16:12:24.637,test_nullable_group_reduce_group_reduce_join,4.1670228600s,0.0880163130s,0.0170609800s
INFO,2024-06-03 16:12:29.324,test_nullable_group_reduce_join_mutate,3.8437046950s,0.0861018640s,0.0198649140s
INFO,2024-06-03 16:12:33.637,test_nullable_inner_join_select,3.4940236750s,0.0851064710s,0.0221254480s
INFO,2024-06-03 16:12:38.477,test_nullable_join_group_reduce,4.0222477580s,0.0853178160s,0.0170470140s
INFO,2024-06-03 16:12:42.618,test_nullable_left_join,3.3005700120s,0.0873125390s,0.0170526710s
INFO,2024-06-03 16:12:46.213,test_nullable_outer_join,2.6180329190s,0.0847209660s,0.0143202210s
INFO,2024-06-03 16:12:49.916,test_nullable_windowing_explicit,2.8620891130s,0.0838817770s,0.0105108210s
INFO,2024-06-03 16:12:53.626,test_nullable_windowing_explicit_group,2.8419901010s,0.0906201250s,0.0142069970s
INFO,2024-06-03 16:12:57.336,test_nullable_windowing_explicit_window_far,2.7951034390s,0.1044799100s,0.0132135580s
INFO,2024-06-03 16:13:02.745,test_nullable_windowing_implicit_mean,4.0352500750s,0.0949406460s,0.0105921130s
INFO,2024-06-03 16:13:07.696,test_nullable_windowing_implicit_sum,3.9843027690s,0.1273931530s,0.0129436741s
INFO,2024-06-03 16:13:11.003,test_non_nullable_filter_filter_select_select,2.4162399250s,0.0854111470s,0.1837325820s
INFO,2024-06-03 16:13:14.941,test_non_nullable_filter_group_mutate,3.0208052440s,0.0895918350s,0.1937431270s
INFO,2024-06-03 16:13:18.872,test_non_nullable_filter_group_mutate_reduce,3.0023339640s,0.0886124820s,0.1930446470s
INFO,2024-06-03 16:13:22.652,test_non_nullable_filter_group_select,2.8509235180s,0.1208105630s,0.1823415890s
INFO,2024-06-03 16:13:25.930,test_non_nullable_filter_reduce,2.4517891670s,0.0815830170s,0.1685287490s
INFO,2024-06-03 16:13:29.005,test_non_nullable_filter_select,2.2394981430s,0.0872059010s,0.1837567650s
INFO,2024-06-03 16:13:33.975,test_non_nullable_group_reduce_group_reduce_join,4.0468372050s,0.0933358170s,0.1977813900s
INFO,2024-06-03 16:13:39.134,test_non_nullable_group_reduce_join_mutate,4.2376127920s,0.0959612450s,0.2117614430s
INFO,2024-06-03 16:13:43.608,test_non_nullable_inner_join_select,3.5377302010s,0.0898960650s,0.1935673120s
INFO,2024-06-03 16:13:48.499,test_non_nullable_join_group_reduce,3.9751698710s,0.0898860080s,0.1948519240s
INFO,2024-06-03 16:13:52.654,test_non_nullable_left_join,3.1720440970s,0.0840643580s,0.2331158990s
INFO,2024-06-03 16:13:56.112,test_non_nullable_outer_join,2.5771371070s,0.1161298970s,0.1789414190s
INFO,2024-06-03 16:13:59.377,test_nexmark_query_1,2.3249557290s,0.0876376200s,0.0367844780s
INFO,2024-06-03 16:14:02.441,test_nexmark_query_2,2.1335136220s,0.0809550480s,0.0486230040s
INFO,2024-06-03 16:14:06.619,test_nexmark_query_3,3.3198180560s,0.0889838500s,0.0299494320s
INFO,2024-06-03 16:14:13.472,test_nexmark_query_4,5.7403975960s,0.1965573500s,0.0827443010s
INFO,2024-06-03 16:14:19.688,test_nexmark_query_6,5.1163562500s,0.0934814940s,0.0719790460s
INFO,2024-06-03 16:15:45.226,test_nullable_filter_filter_select_select,2.2123324000s,0.0863468200s,0.0134565070s
INFO,2024-06-03 16:15:48.804,test_nullable_filter_group_mutate,2.7475620800s,0.0821461730s,0.0139268860s
INFO,2024-06-03 16:15:52.368,test_nullable_filter_group_mutate_reduce,2.7478234190s,0.0818478460s,0.0151947810s
INFO,2024-06-03 16:15:55.877,test_nullable_filter_group_select,2.6877962190s,0.0878461860s,0.0117655110s
INFO,2024-06-03 16:15:59.154,test_nullable_filter_reduce,2.4709505060s,0.0818982270s,0.0105084130s
INFO,2024-06-03 16:16:02.191,test_nullable_filter_select,2.2206512360s,0.0951554040s,0.0121196290s
INFO,2024-06-03 16:16:07.253,test_nullable_group_reduce_group_reduce_join,4.1866837640s,0.0856431550s,0.0186930900s
INFO,2024-06-03 16:16:12.149,test_nullable_group_reduce_join_mutate,3.9886181920s,0.0967065120s,0.0199117790s
INFO,2024-06-03 16:16:16.309,test_nullable_inner_join_select,3.3213215960s,0.0844474560s,0.0217138130s
INFO,2024-06-03 16:16:21.209,test_nullable_join_group_reduce,4.0597806430s,0.0935426600s,0.0176834610s
INFO,2024-06-03 16:16:25.617,test_nullable_left_join,3.4816703310s,0.0919791430s,0.0172462660s
INFO,2024-06-03 16:16:29.153,test_nullable_outer_join,2.6447937800s,0.0863107400s,0.0155345240s
INFO,2024-06-03 16:16:33.006,test_nullable_windowing_explicit,2.9386939000s,0.0927118040s,0.0104096880s
INFO,2024-06-03 16:16:36.492,test_nullable_windowing_explicit_group,2.6432231360s,0.0831876510s,0.0124925300s
INFO,2024-06-03 16:16:39.996,test_nullable_windowing_explicit_window_far,2.6452801220s,0.0829898810s,0.0113433950s
INFO,2024-06-03 16:16:45.386,test_nullable_windowing_implicit_mean,4.0028570340s,0.0860735100s,0.0101983070s
INFO,2024-06-03 16:16:50.130,test_nullable_windowing_implicit_sum,3.8585525620s,0.0868236200s,0.0097085050s
INFO,2024-06-03 16:16:53.209,test_non_nullable_filter_filter_select_select,2.1994719580s,0.0922439390s,0.1912418950s
INFO,2024-06-03 16:16:56.838,test_non_nullable_filter_group_mutate,2.7412778160s,0.0815527230s,0.1701257840s
INFO,2024-06-03 16:17:00.296,test_non_nullable_filter_group_mutate_reduce,2.6069096830s,0.0852089600s,0.1715772730s
INFO,2024-06-03 16:17:03.937,test_non_nullable_filter_group_select,2.7350315740s,0.0878299830s,0.1827982070s
INFO,2024-06-03 16:17:07.338,test_non_nullable_filter_reduce,2.4615793920s,0.0809214010s,0.1727627310s
INFO,2024-06-03 16:17:10.291,test_non_nullable_filter_select,2.0963802950s,0.0858118100s,0.1647014170s
INFO,2024-06-03 16:17:15.220,test_non_nullable_group_reduce_group_reduce_join,4.0281010310s,0.0856692330s,0.1754049680s
INFO,2024-06-03 16:17:20.309,test_non_nullable_group_reduce_join_mutate,4.1510731039s,0.0925646190s,0.1994155200s
INFO,2024-06-03 16:17:24.856,test_non_nullable_inner_join_select,3.6175237770s,0.0853298850s,0.1810440500s
INFO,2024-06-03 16:17:29.606,test_non_nullable_join_group_reduce,3.9096687530s,0.0858488120s,0.1780383120s
INFO,2024-06-03 16:17:33.564,test_non_nullable_left_join,3.0971567200s,0.0836007570s,0.1722332330s
INFO,2024-06-03 16:17:36.946,test_non_nullable_outer_join,2.5009898710s,0.0854194800s,0.1777396250s
INFO,2024-06-03 16:17:40.076,test_nexmark_query_1,2.2383097620s,0.0944477760s,0.0391475870s
INFO,2024-06-03 16:17:43.261,test_nexmark_query_2,2.2622628400s,0.0837320210s,0.0554041050s
INFO,2024-06-03 16:17:47.509,test_nexmark_query_3,3.2862394431s,0.0855173390s,0.0269519500s
INFO,2024-06-03 16:17:53.606,test_nexmark_query_4,5.1386758810s,0.0945800410s,0.0714043270s
INFO,2024-06-03 16:17:59.356,test_nexmark_query_6,4.7050119690s,0.0947490500s,0.0792889750s
