timestamp,memory_KB
20240831110804,759720
20240831110805,759720
20240831110806,759720
20240831110807,759720
20240831110808,759720
20240831110809,759720
20240831110810,759720
20240831110811,759848
20240831110812,759848
20240831110813,759848
20240831110814,760744
20240831110815,760744
20240831110816,760744
20240831110817,760744
20240831110818,760744
20240831110819,760744
20240831110820,839616
20240831110821,983604
20240831110822,1272048
20240831110823,1725988
20240831110824,2223048
20240831110825,2497724
20240831110826,2651396
20240831110827,3124960
20240831110828,3731928
20240831110830,5283716
20240831110831,5895692
20240831110832,6013116
20240831110833,6397292
20240831110834,7327152
20240831110835,9122160
20240831110836,9688468
20240831110837,10431044
20240831110838,10614888
20240831110839,10833056
20240831110840,10845356
20240831110841,10984196
20240831110842,10984324
20240831110843,11051468
20240831110844,11054796
20240831110845,11055820
20240831110846,11099312
20240831110847,11104388
20240831110848,11104388
20240831110849,11126660
20240831110850,11127812
20240831110851,11127940
20240831110852,11150712
20240831110853,11150712
20240831110854,11151864
20240831110855,11151864
20240831110856,11151992
20240831110857,11151992
20240831110858,11151992
20240831110859,11151992
20240831110900,11240440
20240831110901,11267104
20240831110902,11303328
20240831110903,11296736
20240831110904,11338208
20240831110905,11562088
20240831110906,11589976
20240831110907,11591768
20240831110908,11591896
20240831110909,11593688
20240831110910,11691716
20240831110911,11693892
20240831110913,11694020
20240831110914,11738012
20240831110915,11766184
20240831110916,11767336
20240831110917,11795536
20240831110918,11796048
20240831110919,11843840
20240831110920,11889156
20240831110921,11890564
20240831110922,11891460
20240831110923,11891460
20240831110924,11891460
20240831110925,11891460
20240831110926,11891716
20240831110927,11891844
20240831110928,11891844
20240831110929,11891844
20240831110930,11891844
20240831110931,11952740
20240831110932,11971044
20240831110933,11971172
20240831110934,12008680
20240831110935,12198372
20240831110936,12854336
20240831110937,12854464
20240831110938,12855488
20240831110939,12899544
20240831110940,12899544
20240831110941,12900184
20240831110942,12920172
20240831110943,12920556
20240831110944,12933076
20240831110945,12948564
20240831110946,12949332
20240831110947,12949332
20240831110948,12976204
20240831110949,12976716
20240831110950,12977100
20240831110951,12984396
20240831110952,12984396
20240831110953,12984396
20240831110954,12984396
20240831110955,12984396
20240831110956,12984396
20240831110957,12984396
20240831110958,12984780
20240831110959,12984780
20240831111000,12984780
20240831111002,13001292
20240831111003,13003596
20240831111004,13009228
20240831111005,13019724
20240831111006,13015124
20240831111007,13022676
20240831111008,13022516
20240831111009,13041836
20240831111010,13041964
20240831111011,13057184
20240831111012,13057568
20240831111013,13064968
20240831111014,13064968
20240831111015,13070344
20240831111016,13070344
20240831111017,13074796
20240831111018,13075564
20240831111019,13078860
20240831111020,13078860
20240831111021,13084076
20240831111022,13084204
20240831111023,13084332
20240831111024,13084332
20240831111025,13084332
20240831111026,13084332
20240831111027,13084332
20240831111028,13084332
20240831111029,13087660
20240831111030,13091628
20240831111031,13096748
20240831111032,13103148
20240831111033,13103148
20240831111034,13109292
20240831111035,13112876
20240831111036,13107160
20240831111037,13114112
20240831111038,13114240
20240831111039,13118496
20240831111040,13118496
20240831111041,13121636
20240831111042,13121636
20240831111043,13121764
20240831111045,13123684
20240831111046,13125732
20240831111047,13125732
20240831111048,13126756
20240831111049,13126756
20240831111050,13128980
20240831111051,13128980
20240831111052,13128980
20240831111053,13128980
20240831111054,13128980
20240831111055,13128980
20240831111056,13128980
20240831111057,13128980
20240831111058,13128980
20240831111059,13136532
20240831111100,13138452
20240831111101,13138708
20240831111102,13170736
20240831111103,13178324
20240831111104,13183956
20240831111105,13184084
20240831111106,13184596
20240831111107,13181188
20240831111108,13181188
20240831111109,13182212
20240831111110,13182212
20240831111111,13182924
20240831111112,13183052
20240831111113,13184076
20240831111114,13184076
20240831111115,13185100
20240831111116,13185100
20240831111117,13186124
20240831111118,13186124
20240831111119,13186124
20240831111120,13187148
20240831111121,13187148
20240831111122,13187148
20240831111123,13187148
20240831111124,13187148
20240831111125,13187148
20240831111126,13187148
20240831111127,13187148
20240831111128,13188940
20240831111129,13188940
20240831111130,13191116
20240831111132,13206348
20240831111133,13208652
20240831111134,13216588
20240831111135,13212680
20240831111136,13212216
20240831111137,13212472
20240831111138,13211948
20240831111139,13211948
20240831111140,13211948
20240831111141,13211948
20240831111142,13211948
20240831111143,13211948
20240831111144,13211948
20240831111145,13211948
20240831111146,13211948
20240831111147,13211948
20240831111148,13211948
20240831111149,13211948
20240831111150,13214636
20240831111151,13216428
20240831111152,13216556
20240831111153,13218092
20240831111154,13223596
20240831111155,13223596
20240831111156,13223980
20240831111157,13223980
20240831111158,13223980
20240831111159,13223980
20240831111200,13223980
20240831111201,13223980
20240831111202,13223980
20240831111203,13220616
20240831111204,13220616
20240831111205,13220616
20240831111206,13219580
20240831111207,13219580
20240831111208,13219580
20240831111209,13219580
20240831111210,13219580
20240831111211,13220220
20240831111212,13220476
20240831111213,13220732
20240831111214,13220860
20240831111215,13227772
20240831111217,13228028
20240831111218,13228028
20240831111219,13228028
20240831111220,13228284
20240831111221,13228284
20240831111222,13228284
20240831111223,13228284
20240831111224,13228284
20240831111225,13228284
20240831111226,13228284
20240831111227,13228284
20240831111228,13228284
20240831111229,13228284
20240831111230,13228284
20240831111231,13228284
20240831111232,13232892
20240831111233,13229968
20240831111234,13229272
20240831111235,13229656
20240831111236,13235288
20240831111237,13235672
20240831111238,13236056
20240831111239,13236056
20240831111240,13236056
20240831111241,13236056
20240831111242,13236056
20240831111243,13236056
20240831111244,13236056
20240831111245,13236056
20240831111246,13236056
20240831111247,13236056
20240831111248,13236056
20240831111249,13236056
20240831111250,13236056
20240831111251,13236056
20240831111252,13236056
20240831111253,13236616
20240831111254,13232232
20240831111255,13232232
20240831111256,13236404
20240831111257,13242676
20240831111258,13242804
20240831111259,13243188
20240831111301,13243188
20240831111302,13243188
20240831111303,13243188
20240831111304,13243188
20240831111305,13243188
20240831111306,13243188
20240831111307,13243188
20240831111308,13243188
20240831111309,13243188
20240831111310,13243188
20240831111311,13243188
20240831111312,13243188
20240831111313,13243188
20240831111314,13244340
20240831111315,13244724
20240831111316,13241152
20240831111317,13244736
20240831111318,13245120
20240831111319,13245376
20240831111320,13245632
20240831111321,13245632
20240831111322,13245632
20240831111323,13245632
20240831111324,13245632
20240831111325,13245632
20240831111326,13245632
20240831111327,13245760
20240831111328,13245760
20240831111329,13245760
20240831111330,13245760
20240831111331,13245760
20240831111332,13245760
20240831111333,13245760
20240831111334,13245760
20240831111335,13245888
20240831111336,13241648
20240831111337,13242160
20240831111338,13243276
20240831111339,13266184
20240831111340,13270792
20240831111341,13270792
20240831111342,13270792
20240831111343,13271048
20240831111344,13271048
20240831111346,13271048
20240831111347,13271048
20240831111348,13271944
20240831111349,13271944
20240831111350,13272712
20240831111351,13275144
20240831111352,13275272
20240831111353,13275528
20240831111354,13275528
20240831111355,13275528
20240831111356,13275656
20240831111357,13275508
20240831111358,13273912
20240831111359,13273772
20240831111400,13273584
20240831111401,13273840
20240831111402,13273840
20240831111403,13276272
20240831111404,13277680
20240831111405,13277680
20240831111406,13278320
20240831111407,13278320
20240831111408,13278320
20240831111409,13278320
20240831111410,13278320
20240831111411,13278448
20240831111412,13278448
20240831111413,13278448
20240831111414,13280880
20240831111415,13280880
20240831111416,13281392
20240831111417,13281044
20240831111419,13281296
20240831111420,13282832
20240831111421,13282832
20240831111422,13282960
20240831111423,13282960
20240831111424,13282960
20240831111425,13282960
20240831111426,13282960
20240831111427,13282960
20240831111428,13283344
20240831111429,13283600
20240831111430,13285520
20240831111431,13286032
20240831111432,13286160
20240831111433,13286928
20240831111434,13286928
20240831111435,13286928
20240831111436,13286928
20240831111437,13286928
20240831111438,13286928
20240831111439,13286928
20240831111440,13286908
20240831111441,13286832
20240831111442,13287216
20240831111443,13297684
20240831111444,13298196
20240831111445,13301524
20240831111446,13301652
20240831111447,13301780
20240831111448,13301780
20240831111449,13301780
20240831111450,13301780
20240831111451,13301780
20240831111452,13301780
20240831111453,13300936
20240831111454,13301320
20240831111455,13306312
20240831111457,13306312
20240831111458,13388564
20240831111459,13388692
20240831111500,13475732
20240831111501,13544980
20240831111502,13544980
20240831111503,13547876
20240831111504,13547876
20240831111505,13556196
20240831111506,13622732
20240831111507,13627852
20240831111508,13627980
20240831111509,13627980
20240831111510,13630668
20240831111511,13632460
20240831111512,13653964
20240831111513,13653964
20240831111514,13655372
20240831111515,13655500
20240831111516,13656908
20240831111518,13662540
20240831111519,13674800
20240831111520,13672316
20240831111521,13672444
20240831111522,13673576
20240831111523,13673576
20240831111524,13702248
20240831111525,13702248
20240831111526,13705320
20240831111527,13705320
20240831111528,13705448
20240831111529,13708904
20240831111530,13712232
20240831111531,14086816
20240831111532,14086944
20240831111533,14121248
20240831111534,14123936
20240831111535,14130592
20240831111537,14146208
20240831111538,14146208
20240831111539,14146432
20240831111540,14146432
20240831111541,14146560
20240831111542,14149504
20240831111543,14158208
20240831111544,14158336
20240831111545,14158464
20240831111546,14158544
20240831111547,14158544
20240831111548,14167096
20240831111549,14188984
20240831111550,14189368
20240831111551,14189368
20240831111552,14189368
20240831111553,14189368
20240831111554,14206392
20240831111556,14206392
20240831111557,14206392
20240831111558,14206392
20240831111559,14206776
20240831111600,14206904
20240831111601,14208824
20240831111602,14208824
20240831111603,14208008
20240831111604,14208008
20240831111605,14207700
20240831111606,14214996
20240831111607,14218964
20240831111608,14218964
20240831111609,14218964
20240831111610,14228820
20240831111611,14604264
20240831111612,14616552
20240831111613,14616808
20240831111614,14616936
20240831111616,14617064
20240831111617,14617064
20240831111618,14617448
20240831111619,14617448
20240831111620,14618088
20240831111621,14618088
20240831111622,14618472
20240831111623,14618472
20240831111624,14608932
20240831111625,14609060
20240831111626,14609060
20240831111627,14609060
20240831111628,14609188
20240831111629,14609188
20240831111630,14611900
20240831111631,14610960
20240831111632,14675968
20240831111633,14697760
20240831111634,14697760
20240831111635,14716136
20240831111636,14735052
20240831111637,14735052
20240831111639,14857472
20240831111640,14897920
20240831111641,14898560
20240831111642,14898560
20240831111643,14898560
20240831111644,14898560
20240831111645,14898560
20240831111646,14898560
20240831111647,14898560
20240831111648,14898560
20240831111649,14898560
20240831111650,14898560
20240831111651,14898560
20240831111652,14898560
20240831111653,14898560
20240831111654,14898560
20240831111655,14898560
20240831111656,14898560
20240831111657,14898560
20240831111658,14898560
20240831111659,14898560
20240831111700,14898560
20240831111701,14898560
20240831111702,14898560
20240831111703,14898560
20240831111704,14898560
20240831111705,14899072
20240831111706,14899840
20240831111707,14899840
20240831111708,14900864
20240831111709,14900864
20240831111710,14901504
20240831111711,14901504
20240831111712,14901504
20240831111713,14901504
20240831111714,14901504
20240831111715,14901504
20240831111716,14901504
20240831111717,14901504
20240831111718,14901504
20240831111719,14901504
20240831111720,14901504
20240831111721,14901504
20240831111722,14901504
20240831111723,14901504
20240831111724,14901504
20240831111725,14901504
20240831111726,14901504
20240831111728,14901504
20240831111729,14901504
20240831111730,14901504
20240831111731,14901504
20240831111732,14901504
20240831111733,14901504
20240831111734,14901504
20240831111735,14901504
20240831111736,14901888
20240831111737,14901888
20240831111738,14902400
20240831111739,14902028
20240831111740,14882708
20240831111741,14882992
20240831111742,14882992
20240831111743,14882992
20240831111744,14992304
20240831111745,14992816
20240831111746,14992816
20240831111747,14992816
20240831111748,14992816
20240831111749,14992816
20240831111750,14992816
20240831111751,14992816
20240831111752,14992816
20240831111753,14992816
20240831111754,14992944
20240831111755,14992944
20240831111756,14992944
20240831111757,14992944
20240831111758,14992944
20240831111759,14992944
20240831111800,14992944
20240831111801,14992944
20240831111802,14992944
20240831111803,14992944
20240831111804,14992944
20240831111805,14994904
20240831111806,14994904
20240831111807,14996568
20240831111808,14996568
20240831111810,14996952
20240831111811,14996736
20240831111812,14996736
20240831111813,14996736
20240831111814,14996736
20240831111815,14996452
20240831111816,14996452
20240831111817,14996452
20240831111818,14996452
20240831111819,14996452
20240831111820,14996452
20240831111821,14996452
20240831111822,14996452
20240831111823,14996452
20240831111824,14996452
20240831111825,14996452
20240831111826,14996580
20240831111827,14996708
20240831111828,14996708
20240831111829,14996708
20240831111830,14996708
20240831111831,14996708
20240831111832,14996708
20240831111833,14996708
20240831111834,14996708
20240831111835,14996708
20240831111836,14997092
20240831111837,14997092
20240831111838,14997092
20240831111839,14997220
20240831111840,14996412
20240831111841,14996796
20240831111842,14996796
20240831111843,14996796
20240831111844,15005424
20240831111845,15008880
20240831111846,15008880
20240831111847,15008880
20240831111848,15008880
20240831111849,15008880
20240831111850,15008880
20240831111851,15008880
20240831111852,15008880
20240831111853,15008880
20240831111854,15008880
20240831111855,15008880
20240831111857,15008880
20240831111858,15008880
20240831111859,15008880
20240831111900,15008880
20240831111901,15008880
20240831111902,15008880
20240831111903,15008880
20240831111904,15008880
20240831111905,15009136
20240831111906,15008864
20240831111907,15008864
20240831111908,15009372
20240831111909,15009372
20240831111910,15009200
20240831111911,15009712
20240831111912,15009840
20240831111913,15009548
20240831111914,15009548
20240831111915,15009548
20240831111916,15009548
20240831111917,15009548
20240831111918,15009548
20240831111919,15009548
20240831111920,15009548
20240831111921,15009548
20240831111922,15009548
20240831111923,15009548
20240831111924,15009548
20240831111925,15009548
20240831111926,15009548
20240831111927,15009548
20240831111928,15009548
20240831111929,15009548
20240831111930,15009548
20240831111931,15009548
20240831111932,15009548
20240831111933,15009548
20240831111934,15009548
20240831111935,15009548
20240831111936,15009676
20240831111937,15010188
20240831111938,15010188
20240831111940,15014284
20240831111941,15014284
20240831111942,15015436
20240831111943,15015564
20240831111944,15016588
20240831111945,15017032
20240831111946,15017288
20240831111947,15018312
20240831111948,15018312
20240831111949,15018312
20240831111950,15019848
20240831111951,15019976
20240831111952,15021000
20240831111953,15021000
20240831111954,15021000
20240831111955,15021256
20240831111956,15021256
20240831111957,15021512
20240831111959,15021512
20240831112000,15021512
20240831112001,15022792
20240831112002,15022792
20240831112003,15023176
20240831112004,15023176
20240831112005,15023176
20240831112006,15040712
20240831112007,15040712
20240831112008,15040448
20240831112009,15040448
20240831112010,15040320
20240831112011,15042624
20240831112012,15083968
20240831112013,15119168
20240831112014,15119168
20240831112016,15119296
20240831112017,15121984
20240831112018,15123008
20240831112019,15123392
20240831112020,15123392
20240831112021,15571300
20240831112022,15574500
20240831112023,15576036
20240831112024,15576036
20240831112025,15576036
20240831112026,15576292
20240831112027,15578596
20240831112028,15578596
20240831112029,15578596
20240831112030,15578724
20240831112031,15579620
20240831112032,15579876
20240831112033,15579876
20240831112034,15580132
20240831112035,15580644
20240831112036,15580644
20240831112037,15580644
20240831112039,15580772
20240831112040,15606984
20240831112041,15607112
20240831112042,15606972
20240831112043,15654540
20240831112044,16374560
20240831112045,16605352
20240831112046,16605864
20240831112047,16855408
20240831112048,17081952
20240831112049,17090336
20240831112050,17090336
20240831112051,17095820
20240831112052,17117708
20240831112053,17812632
20240831112054,19135888
20240831112055,19150224
20240831112056,19150224
20240831112058,19155720
20240831112059,19155720
20240831112100,19155720
20240831112101,19179520
20240831112102,19188664
20240831112103,19188664
20240831112104,19188664
20240831112105,19204728
20240831112106,19204592
20240831112107,19204592
20240831112108,19205232
20240831112109,19206128
20240831112110,19206128
20240831112111,19206256
20240831112112,19207920
20240831112113,19207920
20240831112114,19207920
20240831112115,19208048
20240831112117,19208048
20240831112118,19208048
20240831112119,19208048
20240831112120,19210736
20240831112121,19210864
20240831112122,19210864
20240831112123,19211248
20240831112124,19217648
20240831112125,19217648
20240831112126,19217648
20240831112127,19218288
20240831112128,19218288
20240831112129,19218288
20240831112130,19230064
20240831112131,19262832
20240831112132,19305224
20240831112133,19305992
20240831112134,19306376
20240831112136,19306376
20240831112137,19306376
20240831112138,19306760
20240831112139,19306760
20240831112140,19306760
20240831112141,19307272
20240831112142,19307912
20240831112143,19308424
20240831112144,19308424
20240831112145,19307200
20240831112146,19311040
20240831112147,19311168
20240831112148,19310664
20240831112149,19310792
20240831112150,19311048
20240831112151,19311048
20240831112152,19311432
20240831112153,19311432
20240831112154,19311432
20240831112155,19311560
20240831112157,19311560
20240831112158,19311560
20240831112159,19316168
20240831112200,19319240
20240831112201,19319496
20240831112202,19319752
20240831112203,19319752
20240831112204,19319752
20240831112205,19320008
20240831112206,19320008
20240831112207,19320008
20240831112208,19320264
20240831112209,19320648
20240831112210,19320776
20240831112211,19320904
20240831112212,19320904
20240831112213,19321032
20240831112214,19321032
20240831112215,19321032
20240831112216,19321160
20240831112217,19322696
20240831112218,19322696
20240831112220,19339784
20240831112221,19339912
20240831112222,19339912
20240831112223,19339912
20240831112224,19339912
20240831112225,19339912
20240831112226,19339912
20240831112227,19339912
20240831112228,19339912
20240831112229,19339912
20240831112230,19339912
20240831112231,19339912
20240831112232,19339912
20240831112233,19339912
20240831112234,19339912
20240831112235,19340040
20240831112237,19340040
20240831112238,19340040
20240831112239,19340040
20240831112240,19340040
20240831112241,19340040
20240831112242,19340040
20240831112243,19340040
20240831112244,19340168
20240831112245,19340168
20240831112246,19340168
20240831112247,19340168
20240831112248,19340168
20240831112249,19340168
20240831112250,19340168
20240831112251,19340168
20240831112252,19355912
20240831112253,19413896
20240831112254,19413896
20240831112255,19413896
20240831112256,19414024
20240831112258,19414152
20240831112259,19409284
20240831112300,19389168
20240831112301,19389168
20240831112302,19389168
20240831112303,19389168
20240831112304,19389168
20240831112305,19389168
20240831112306,19389168
20240831112307,19389168
20240831112308,19389036
20240831112309,19389036
20240831112310,19389036
20240831112311,19389036
20240831112312,19406316
20240831112313,19410412
20240831112314,19410412
20240831112315,19410412
20240831112317,19410412
20240831112318,19410412
20240831112319,19410412
20240831112320,19410412
20240831112321,19410412
20240831112322,19410412
20240831112323,19410412
20240831112324,19410540
20240831112325,19410540
20240831112326,19410540
20240831112327,19410540
20240831112328,19410540
20240831112329,19410540
20240831112330,19410540
20240831112331,19410540
20240831112332,19410540
20240831112333,19410540
20240831112335,19410540
20240831112336,19410540
20240831112337,19410540
20240831112338,19410540
20240831112339,19410540
20240831112340,19410540
20240831112341,19410540
20240831112342,19410540
20240831112343,19410540
20240831112344,19410540
20240831112345,19410540
20240831112346,19410668
20240831112347,19410668
20240831112348,19410668
20240831112349,19410668
20240831112350,19410668
20240831112351,19410668
20240831112352,19410668
20240831112353,19410668
20240831112354,19410668
20240831112356,19410668
20240831112357,19410668
20240831112358,19410668
20240831112359,19410668
20240831112400,19410668
20240831112401,19410668
20240831112402,19410668
20240831112403,19410668
20240831112404,19410668
20240831112405,19410668
20240831112406,19410668
20240831112407,19410668
20240831112408,19410668
20240831112409,19410668
20240831112410,19410668
20240831112411,19410668
20240831112412,19410668
20240831112413,19410668
20240831112415,19410668
20240831112416,19410796
20240831112417,19410796
20240831112418,19410796
20240831112419,19410796
20240831112420,19410796
20240831112421,19410796
20240831112422,19410796
20240831112423,19410796
20240831112424,19410796
20240831112425,19410924
20240831112426,19411052
20240831112427,19411052
20240831112428,19411052
20240831112429,19411052
20240831112430,19411180
20240831112431,19411180
20240831112433,19411180
20240831112434,19411180
20240831112435,19411180
20240831112436,19411180
20240831112437,19411180
20240831112438,19411180
20240831112439,19411180
20240831112440,19411180
20240831112441,19411180
20240831112442,19411180
20240831112443,19411180
20240831112444,19411180
20240831112445,19411180
20240831112446,19411180
20240831112447,19411180
20240831112448,19411180
20240831112449,19411180
20240831112451,19411180
20240831112452,19411180
20240831112453,19411180
20240831112454,19411180
20240831112455,19411180
20240831112456,19411180
20240831112457,19411180
20240831112458,19411180
20240831112459,19411180
20240831112500,19411180
20240831112501,19411180
20240831112502,19411180
20240831112503,19411180
20240831112504,19411180
20240831112505,19411180
20240831112506,19411180
20240831112507,19411180
20240831112508,19411180
20240831112510,19411308
20240831112511,19411308
20240831112512,19411308
20240831112513,19411308
20240831112514,19411308
20240831112515,19411308
20240831112516,19411308
20240831112517,19411308
20240831112518,19411308
20240831112519,19411308
20240831112520,19411308
20240831112521,19411308
20240831112522,19411308
20240831112523,19411308
20240831112524,19411308
20240831112525,19411308
20240831112526,19411436
20240831112527,19411436
20240831112529,19419372
20240831112530,19422572
20240831112531,19422572
20240831112532,19422700
20240831112533,19423852
20240831112534,19423852
20240831112535,19423980
20240831112536,19423980
20240831112537,19423980
20240831112538,19423980
20240831112539,19423980
20240831112540,19423980
20240831112541,19423980
20240831112542,19423980
20240831112543,19423980
20240831112544,19423980
20240831112545,19423980
20240831112547,19423980
20240831112548,19423980
20240831112549,19423980
20240831112550,19423980
20240831112551,19423980
20240831112552,19424236
20240831112553,19424364
20240831112554,19424364
20240831112555,19424364
20240831112556,19424364
20240831112557,19424492
20240831112558,19424492
20240831112559,19424620
20240831112600,19424620
20240831112601,19424620
20240831112602,19424620
20240831112603,19425516
20240831112605,19425516
20240831112606,19425516
20240831112607,19425516
20240831112608,19425516
20240831112609,19425516
20240831112610,19425516
20240831112611,19425516
20240831112612,19425516
20240831112613,19425772
20240831112614,19425772
20240831112615,19425772
20240831112616,19426028
20240831112617,19426028
20240831112618,19426028
20240831112619,19426028
20240831112620,19426028
20240831112621,19426028
20240831112622,19426028
20240831112623,19426028
20240831112624,19426028
20240831112626,19426156
20240831112627,19426156
20240831112628,19426156
20240831112629,19425992
20240831112630,19422232
20240831112631,19422232
20240831112632,19418504
20240831112633,19415220
20240831112634,19415220
20240831112635,19415220
20240831112636,19415220
20240831112637,19415220
20240831112638,19415348
20240831112639,19415348
20240831112640,19415348
20240831112641,19415348
20240831112642,19415348
20240831112643,19415348
20240831112645,19415348
20240831112646,19415132
20240831112647,19415132
20240831112648,19415132
20240831112649,19415132
20240831112650,19415132
20240831112651,19415132
20240831112652,19415132
20240831112653,19415132
20240831112654,19415132
20240831112655,19415132
20240831112656,19415132
20240831112657,19415004
20240831112658,19415004
20240831112659,19415004
20240831112700,19415004
20240831112702,19415004
20240831112703,19415004
20240831112704,19415004
20240831112705,19415004
20240831112706,19415004
20240831112707,19415004
20240831112708,19415004
20240831112709,19415004
20240831112710,19415004
20240831112711,19415004
20240831112712,19415004
20240831112713,19415004
20240831112714,19415132
20240831112715,19415132
20240831112716,19415132
20240831112717,19415132
20240831112718,19415132
20240831112719,19415132
20240831112720,19415132
20240831112721,19415132
20240831112723,19415132
20240831112724,19415132
20240831112725,19415132
20240831112726,19415132
20240831112727,19415132
20240831112728,19415132
20240831112729,19415132
20240831112730,19415132
20240831112731,19415132
20240831112732,19415132
20240831112733,19415132
20240831112734,19415132
20240831112735,19415132
20240831112736,19415132
20240831112737,19415132
20240831112738,19415132
20240831112739,19415132
20240831112741,19415132
20240831112742,19415132
20240831112743,19415132
20240831112744,19415132
20240831112745,19415132
20240831112746,19415132
20240831112747,19415260
20240831112748,19415260
20240831112749,19415260
20240831112750,19415260
20240831112751,19415260
20240831112752,19415260
20240831112753,19415260
20240831112754,19415260
20240831112755,19415260
20240831112756,19415260
20240831112758,19415260
20240831112759,19415260
20240831112800,19415260
20240831112801,19415260
20240831112802,19415260
20240831112803,19415260
20240831112804,19415260
20240831112805,19415260
20240831112806,19415260
20240831112807,19415260
20240831112808,19415260
20240831112809,19415260
20240831112810,19415260
20240831112811,19426780
20240831112812,19426780
20240831112813,19426780
20240831112814,19426908
20240831112815,19426908
20240831112816,19427036
20240831112817,19427036
20240831112819,19427036
20240831112820,19427036
20240831112821,19427036
20240831112822,19427036
20240831112823,19427036
20240831112824,19427036
20240831112825,19427036
20240831112826,19427036
20240831112827,19427036
20240831112828,19427036
20240831112829,19427036
20240831112830,19427036
20240831112831,19428444
20240831112832,19428572
20240831112833,19427292
20240831112834,19427292
20240831112835,19427292
20240831112837,19427292
20240831112838,19427292
20240831112839,19427292
20240831112840,19427292
20240831112841,19427292
20240831112842,19427292
20240831112843,19427292
20240831112844,19427292
20240831112845,19427292
20240831112846,19427292
20240831112847,19427292
20240831112848,19427292
20240831112849,19427292
20240831112850,19427292
20240831112851,19427292
20240831112852,19427292
20240831112853,19427292
20240831112854,19427420
20240831112855,19427420
20240831112856,19427420
20240831112857,19427548
20240831112859,19427548
20240831112900,19427548
20240831112901,19427548
20240831112902,19427548
20240831112903,19427548
20240831112904,19427548
20240831112905,19427548
20240831112906,19427548
20240831112907,19427548
20240831112908,19427548
20240831112909,19427548
20240831112910,19427548
20240831112911,19427548
20240831112912,19427548
20240831112913,19427548
20240831112914,19427548
20240831112916,19427548
20240831112917,19427548
20240831112918,19427548
20240831112919,19427548
20240831112920,19427548
20240831112921,19427548
20240831112922,19427548
20240831112923,19427548
20240831112924,19427548
20240831112925,19427548
20240831112926,19427548
20240831112927,19427548
20240831112928,19427548
20240831112929,19427548
20240831112930,19427548
20240831112931,19427548
20240831112932,19427548
20240831112933,19427548
20240831112935,19427548
20240831112936,19427548
20240831112937,19427548
20240831112938,19427548
20240831112939,19427548
20240831112940,19427548
20240831112941,19427548
20240831112942,19427548
20240831112943,19427548
20240831112944,19427548
20240831112945,19427548
20240831112946,19427548
20240831112947,19427548
20240831112948,19427548
20240831112949,19427548
20240831112950,19427548
20240831112951,19427548
20240831112953,19427548
20240831112954,19427548
20240831112955,19427548
20240831112956,19427676
20240831112957,19427676
20240831112958,19427676
20240831112959,19427676
20240831113000,19427676
20240831113001,19427676
20240831113002,19427676
20240831113003,19427676
20240831113004,19427676
20240831113005,19427676
20240831113006,19427804
20240831113007,19427804
20240831113009,19427804
20240831113010,19427804
20240831113011,19427932
20240831113012,19427932
20240831113013,19427932
20240831113014,19427932
20240831113015,19427932
20240831113016,19427932
20240831113017,19427932
20240831113018,19427932
20240831113019,19427932
20240831113020,19427932
20240831113021,19427932
20240831113022,19427932
20240831113023,19427932
20240831113024,19427932
20240831113025,19427932
20240831113026,19427932
20240831113028,19427932
20240831113029,19427932
20240831113030,19427932
20240831113031,19427932
20240831113032,19427932
20240831113033,19427932
20240831113034,19427932
20240831113035,19427932
20240831113036,19427932
20240831113037,19427932
20240831113038,19427932
20240831113039,19427932
20240831113040,19427932
20240831113041,19427932
20240831113042,19427932
20240831113043,19427932
20240831113044,19427932
20240831113046,19427932
20240831113047,19427932
20240831113048,19427932
20240831113049,19427932
20240831113050,19427932
20240831113051,19427932
20240831113052,19427932
20240831113053,19427932
20240831113054,19427932
20240831113055,19427932
20240831113056,19427932
20240831113057,19427932
20240831113058,19427932
20240831113059,19427932
20240831113100,19427932
20240831113101,19427772
20240831113102,19427772
20240831113104,19427772
20240831113105,19427900
20240831113106,19431228
20240831113107,19440572
20240831113108,19440572
20240831113109,19440572
20240831113110,19440572
20240831113111,19440572
20240831113112,19441084
20240831113113,19441084
20240831113114,19441084
20240831113115,19441212
20240831113116,19441212
20240831113117,19441212
20240831113118,19441212
20240831113119,19441212
20240831113120,19441468
20240831113121,19441468
20240831113123,19441468
20240831113124,19441468
20240831113125,19441468
20240831113126,19441468
20240831113127,19441468
20240831113128,19441724
20240831113129,19442492
20240831113130,19442492
20240831113131,19442492
20240831113132,19442492
20240831113133,19442492
20240831113134,19442492
20240831113135,19442492
20240831113136,19442492
20240831113137,19442492
20240831113138,19442492
20240831113139,19442492
20240831113140,19442492
20240831113142,19442492
20240831113143,19442492
20240831113144,19442492
20240831113145,19442492
20240831113146,19442492
20240831113147,19442620
20240831113148,19442620
20240831113149,19442620
20240831113150,19442620
20240831113151,19442620
20240831113152,19442748
20240831113153,19442748
20240831113154,19442748
20240831113155,19442748
20240831113156,19442748
20240831113157,19442748
20240831113158,19443004
20240831113159,19443004
20240831113201,19443004
20240831113202,19443260
20240831113203,19443260
20240831113204,19443260
20240831113205,19443260
20240831113206,19443260
20240831113207,19439220
20240831113208,19439220
20240831113209,19439220
20240831113210,19439220
20240831113211,19439220
20240831113212,19439220
20240831113213,19439220
20240831113214,871156
20240831113215,871156
20240831113216,871156
20240831113217,871156
20240831113218,871156
20240831113219,871156
20240831113220,871156
20240831113221,871156
20240831113222,871156
20240831113223,871156
20240831113224,871156
20240831113225,871156
20240831113226,871284
20240831113227,871284
20240831113228,871284
20240831113229,871284
20240831113230,871284
20240831113231,871284
20240831113233,871284
20240831113234,871284
20240831113235,871284
20240831113236,871284
20240831113237,871284
20240831113238,871284
20240831113239,871284
20240831113240,871284
20240831113241,871284
20240831113242,871284
20240831113243,871284
20240831113244,871284
20240831113245,871284
20240831113246,871284
20240831113247,871284
20240831113248,871284
20240831113249,871284
20240831113250,871284
20240831113251,871284
20240831113252,871284
20240831113253,871284
20240831113254,871284
20240831113255,871284
20240831113256,871284
20240831113257,871284
20240831113258,871284
20240831113259,871284
20240831113300,871284
20240831113301,871284
20240831113302,871284
20240831113303,871284
20240831113304,871284
20240831113305,871284
20240831113306,871284
20240831113307,871284
20240831113308,871284
20240831113309,871284
20240831113310,871284
20240831113311,871412
20240831113312,871412
20240831113313,871412
20240831113314,871540
20240831113315,871540
20240831113316,871540
20240831113317,871540
20240831113318,871540
20240831113319,871540
20240831113320,871540
20240831113321,871540
20240831113322,871540
20240831113323,871540
20240831113324,871540
20240831113326,871540
20240831113327,871540
20240831113328,871540
20240831113329,871540
20240831113330,871540
20240831113331,871540
20240831113332,871540
20240831113333,871540
20240831113334,871540
20240831113335,871540
20240831113336,871540
20240831113337,871540
20240831113338,871540
20240831113339,871540
20240831113340,871540
20240831113341,871540
20240831113342,871540
20240831113343,871540
20240831113344,871540
20240831113345,871540
20240831113346,871540
20240831113347,871540
20240831113348,871540
20240831113349,871540
20240831113350,871540
20240831113351,871540
20240831113352,871540
20240831113353,871540
20240831113354,871540
20240831113355,871540
20240831113356,871540
20240831113357,871540
20240831113358,871540
20240831113359,871540
20240831113400,871540
20240831113401,871540
20240831113402,871540
20240831113403,871540
20240831113404,871540
20240831113405,871540
20240831113406,871540
20240831113407,871540
20240831113408,871540
20240831113409,871540
20240831113410,871540
20240831113411,871540
20240831113412,871540
20240831113413,871540
20240831113414,871540
20240831113415,871540
20240831113416,871540
20240831113418,871540
20240831113419,871540
20240831113420,871540
20240831113421,871540
20240831113422,871540
20240831113423,871540
20240831113424,871540
20240831113425,871540
20240831113426,871540
20240831113427,871540
20240831113428,871540
20240831113429,871540
20240831113430,871540
20240831113431,871540
20240831113432,871540
20240831113433,871540
20240831113434,871540
20240831113435,871540
20240831113436,871540
20240831113437,871540
20240831113438,871540
20240831113439,871540
20240831113440,871540
20240831113441,871540
20240831113442,871540
20240831113443,871540
20240831113444,871540
20240831113445,871540
20240831113446,871540
20240831113447,871540
20240831113448,871540
20240831113449,871540
20240831113450,871540
20240831113451,871540
20240831113452,871540
20240831113453,871540
20240831113454,871540
20240831113455,871540
20240831113456,871540
20240831113457,871540
20240831113458,871540
20240831113459,871540
20240831113500,871540
20240831113501,871540
20240831113502,871540
20240831113503,871540
20240831113504,871540
20240831113506,871540
20240831113507,871540
20240831113508,871540
20240831113509,871540
20240831113510,871540
20240831113511,871540
20240831113512,871540
20240831113513,871540
20240831113514,871540
20240831113515,871540
20240831113516,871540
20240831113517,871540
20240831113518,871540
20240831113519,871540
20240831113520,871540
20240831113521,871540
20240831113522,871540
20240831113523,871540
20240831113524,871540
20240831113525,871540
20240831113526,871540
20240831113527,871540
20240831113528,871540
20240831113529,871540
20240831113530,871540
20240831113531,871540
20240831113532,871540
20240831113533,871540
20240831113534,871540
20240831113535,871540
20240831113536,871540
20240831113537,871540
20240831113538,871540
20240831113539,871540
20240831113540,871540
20240831113541,871540
20240831113542,871540
20240831113543,871540
20240831113544,871540
20240831113545,871540
20240831113546,871540
20240831113547,871540
20240831113548,871540
20240831113549,871540
20240831113550,871540
20240831113551,871540
20240831113552,871540
20240831113553,871540
20240831113554,871540
20240831113555,871540
20240831113557,871540
20240831113558,871540
20240831113559,871540
20240831113600,871540
20240831113601,871540
20240831113602,871540
20240831113603,871540
20240831113604,871540
20240831113605,871540
20240831113606,871540
20240831113607,871540
20240831113608,871540
20240831113609,871540
20240831113610,871540
20240831113611,871668
20240831113612,871668
20240831113613,871668
20240831113614,871668
20240831113615,871668
20240831113616,871668
20240831113617,871668
20240831113618,871668
20240831113619,871668
20240831113620,871668
20240831113621,871668
20240831113622,871668
20240831113623,871668
20240831113624,871668
20240831113625,871668
20240831113626,871668
20240831113627,871668
20240831113628,871668
20240831113629,871668
20240831113630,871668
20240831113631,871668
20240831113632,871668
20240831113633,871668
20240831113634,871668
20240831113635,871668
20240831113636,871668
20240831113637,871668
20240831113638,871668
20240831113639,871668
20240831113640,871668
20240831113641,871668
20240831113642,871668
20240831113643,871668
20240831113644,871668
20240831113645,871668
20240831113646,871668
20240831113647,871668
20240831113648,871668
20240831113649,871668
20240831113651,871668
20240831113652,871668
20240831113653,871668
20240831113654,871668
20240831113655,871668
20240831113656,871668
20240831113657,871668
20240831113658,871668
20240831113659,871668
20240831113700,871668
20240831113701,871668
20240831113702,871668
20240831113703,871668
20240831113704,871668
20240831113705,871668
20240831113706,871668
20240831113707,871668
20240831113708,871668
20240831113709,871668
20240831113710,871668
20240831113711,871668
20240831113712,871668
20240831113713,871668
20240831113714,871668
20240831113715,871668
20240831113716,871668
20240831113717,871668
20240831113718,871668
20240831113719,871668
20240831113720,871668
20240831113721,871668
20240831113722,871668
20240831113723,871668
20240831113724,871668
20240831113725,871668
20240831113726,871796
20240831113727,871796
20240831113728,871796
20240831113729,871796
20240831113730,871796
20240831113731,871796
20240831113732,871796
20240831113733,871796
20240831113734,871796
20240831113735,871796
20240831113736,871796
20240831113737,871796
20240831113738,871796
20240831113739,871796
20240831113741,871796
20240831113742,871796
20240831113743,871796
20240831113744,871796
20240831113745,871796
20240831113746,871796
20240831113747,871796
20240831113748,871796
20240831113749,871796
20240831113750,871796
20240831113751,871796
20240831113752,871796
20240831113753,871796
20240831113754,871796
20240831113755,871796
20240831113756,871796
20240831113757,871796
20240831113758,871796
20240831113759,871796
20240831113800,871796
20240831113801,871796
20240831113802,871796
20240831113803,871796
20240831113804,871796
20240831113805,871796
20240831113806,871796
20240831113807,871796
20240831113808,871796
20240831113809,871796
20240831113810,871796
20240831113811,871796
20240831113812,871796
20240831113813,871796
20240831113814,871796
20240831113815,871796
20240831113816,871796
20240831113817,871796
20240831113818,871796
20240831113819,871796
20240831113820,871796
20240831113821,871796
20240831113822,871796
20240831113823,871796
20240831113824,871796
20240831113825,871796
20240831113826,871796
20240831113827,871796
20240831113828,871796
20240831113829,871796
20240831113830,871796
20240831113831,871796
20240831113833,871796
20240831113834,871796
20240831113835,871796
20240831113836,871796
20240831113837,871796
20240831113838,871796
20240831113839,871796
20240831113840,871796
20240831113841,871796
20240831113842,871796
20240831113843,871796
20240831113844,871796
20240831113845,871796
20240831113846,871796
20240831113847,871796
20240831113848,871796
20240831113849,871796
20240831113850,871796
20240831113851,871796
20240831113852,871796
20240831113853,871796
20240831113854,871796
20240831113855,871796
20240831113856,871796
20240831113857,871796
20240831113858,871796
20240831113859,871796
20240831113900,871796
20240831113901,871796
20240831113902,871796
20240831113903,871796
20240831113904,871796
20240831113905,871796
20240831113906,871796
20240831113907,871796
20240831113908,871796
20240831113909,871796
20240831113910,871796
20240831113911,871796
20240831113912,871796
20240831113913,871796
20240831113914,871796
20240831113915,871796
20240831113916,871796
20240831113917,871796
20240831113918,871796
20240831113919,871796
20240831113920,871796
20240831113921,871796
20240831113922,871796
20240831113923,871796
20240831113924,871796
20240831113926,871796
20240831113927,871796
20240831113928,871796
20240831113929,871796
20240831113930,871796
20240831113931,871796
20240831113932,871796
20240831113933,871796
20240831113934,871796
20240831113935,871796
20240831113936,871796
20240831113937,871796
20240831113938,871796
20240831113939,871796
20240831113940,871796
20240831113941,871796
20240831113942,871796
20240831113943,871796
20240831113944,871796
20240831113945,871796
20240831113946,871796
20240831113947,871796
20240831113948,871796
20240831113949,871796
20240831113950,871796
20240831113951,871796
20240831113952,871796
20240831113953,871796
20240831113954,871796
20240831113955,871796
20240831113956,871796
20240831113957,871796
20240831113958,871796
20240831113959,871796
20240831114000,871796
20240831114001,871796
20240831114002,871796
20240831114003,871796
20240831114004,871796
20240831114005,871796
20240831114006,871796
20240831114007,871796
20240831114008,871796
20240831114009,871796
20240831114010,871796
20240831114011,871796
20240831114012,871796
20240831114013,871796
20240831114014,871796
20240831114015,871796
20240831114016,871796
20240831114017,871796
20240831114019,871796
20240831114020,871796
20240831114021,871796
20240831114022,871796
20240831114023,871796
20240831114024,871796
20240831114025,871796
20240831114026,871796
20240831114027,871796
20240831114028,871796
20240831114029,871796
20240831114030,871796
20240831114031,871796
20240831114032,871796
20240831114033,871796
20240831114034,871796
20240831114035,871796
20240831114036,871796
20240831114037,871796
20240831114038,871796
20240831114039,871796
20240831114040,871796
20240831114041,871796
20240831114042,871796
20240831114043,871796
20240831114044,871796
20240831114045,871796
20240831114046,871796
20240831114047,871796
20240831114048,871796
20240831114049,871796
20240831114050,871796
20240831114051,871796
20240831114052,871796
20240831114053,871796
20240831114054,871796
20240831114055,871796
20240831114056,871796
20240831114057,871796
20240831114058,871796
20240831114059,871796
20240831114100,871796
20240831114101,871796
20240831114102,871796
20240831114103,871796
20240831114104,871796
20240831114105,871796
20240831114106,871796
20240831114107,871796
20240831114108,871796
20240831114109,871796
20240831114110,871796
20240831114112,871796
20240831114113,871796
20240831114114,871796
20240831114115,871796
20240831114116,871796
20240831114117,871796
20240831114118,871796
20240831114119,871796
20240831114120,871796
20240831114121,871796
20240831114122,871796
20240831114123,871796
20240831114124,871796
20240831114125,871796
20240831114126,871796
20240831114127,871796
20240831114128,871796
20240831114129,871796
20240831114130,871796
20240831114131,871796
20240831114132,871796
20240831114133,871796
20240831114134,871796
20240831114135,871796
20240831114136,871796
20240831114137,871796
20240831114138,871796
20240831114139,871796
20240831114140,871796
20240831114141,871796
20240831114142,871796
20240831114143,871796
20240831114144,871796
20240831114145,871796
20240831114146,871796
20240831114147,871796
20240831114148,871796
20240831114149,871796
20240831114150,871796
20240831114151,871796
20240831114152,871796
20240831114153,871796
20240831114154,871796
20240831114155,871796
20240831114156,871796
20240831114157,871796
20240831114158,871796
20240831114159,871796
20240831114200,871796
20240831114201,871796
20240831114202,871796
20240831114203,871796
20240831114205,871796
20240831114206,871796
20240831114207,871796
20240831114208,871796
20240831114209,871796
20240831114210,871796
20240831114211,871796
20240831114212,871796
20240831114213,871796
20240831114214,871796
20240831114215,871796
20240831114216,871796
20240831114217,871796
20240831114218,871796
20240831114219,871796
20240831114220,871796
20240831114221,871796
20240831114222,871796
20240831114223,871796
20240831114224,871796
20240831114225,871796
20240831114226,871796
20240831114227,871796
20240831114228,871796
20240831114229,871796
20240831114230,871796
20240831114231,871796
20240831114232,871796
20240831114233,871796
20240831114234,871796
20240831114235,871796
20240831114236,871796
20240831114237,871796
20240831114238,871796
20240831114239,871796
20240831114240,871796
20240831114241,871796
20240831114242,871796
20240831114243,871796
20240831114244,871796
20240831114245,871796
20240831114246,871796
20240831114247,871796
20240831114248,871796
20240831114249,871796
20240831114250,871796
20240831114251,871796
20240831114252,871796
20240831114254,871796
20240831114255,871796
20240831114256,871796
20240831114257,871796
20240831114258,871796
20240831114259,871796
20240831114300,871796
20240831114301,871796
20240831114302,871796
20240831114303,871796
20240831114304,871796
20240831114305,871796
20240831114306,871796
20240831114307,871796
20240831114308,871796
20240831114309,871796
20240831114310,871796
20240831114311,871796
20240831114312,871796
20240831114313,871796
20240831114314,871796
20240831114315,871796
20240831114316,871796
20240831114317,871796
20240831114318,871796
20240831114319,871796
20240831114320,871796
20240831114321,871796
20240831114322,871796
20240831114323,871796
20240831114324,871796
20240831114325,871796
20240831114326,871796
20240831114327,871796
20240831114328,871796
20240831114329,871796
20240831114330,871796
20240831114331,871796
20240831114332,871796
20240831114333,871796
20240831114334,871796
20240831114335,871796
20240831114336,871796
20240831114337,871796
20240831114338,871796
20240831114339,871796
20240831114340,871796
20240831114341,871796
20240831114343,871796
20240831114344,871796
20240831114345,871796
20240831114346,871796
20240831114347,871796
20240831114348,871796
20240831114349,871796
20240831114350,871796
20240831114351,871796
20240831114352,871796
20240831114353,871796
20240831114354,871796
20240831114355,871796
20240831114356,871796
20240831114357,871796
20240831114358,871796
20240831114359,871796
20240831114400,871796
20240831114401,871796
20240831114402,871796
20240831114403,871796
20240831114404,871796
20240831114405,871796
20240831114406,871796
20240831114407,871796
20240831114408,871796
20240831114409,871796
20240831114410,871796
20240831114411,871796
20240831114412,871796
20240831114413,871796
20240831114414,871796
20240831114415,871796
20240831114416,871796
20240831114417,871796
20240831114418,871796
20240831114419,871796
20240831114420,871796
20240831114421,871796
20240831114422,871796
20240831114423,871796
20240831114424,871796
20240831114425,871796
20240831114426,871796
20240831114427,871796
20240831114428,871796
20240831114429,871796
20240831114430,871796
20240831114431,871796
20240831114432,871796
20240831114433,871796
20240831114434,871796
20240831114436,871796
20240831114437,871796
20240831114438,871796
20240831114439,871796
20240831114440,871796
20240831114441,871796
20240831114442,871796
20240831114443,871796
20240831114444,871796
20240831114445,871796
20240831114446,871796
20240831114447,871796
20240831114448,871796
20240831114449,871796
20240831114450,871796
20240831114451,871796
20240831114452,871796
20240831114453,871796
20240831114454,871796
20240831114455,871796
20240831114456,871796
20240831114457,871796
20240831114458,871796
20240831114459,871796
20240831114500,871796
20240831114501,871796
20240831114502,871796
20240831114503,871796
20240831114504,871796
20240831114505,871796
20240831114506,871796
20240831114507,871796
20240831114508,871796
20240831114509,871796
20240831114510,871796
20240831114511,871796
20240831114512,871796
20240831114513,871796
20240831114514,871796
20240831114515,871796
20240831114516,871796
20240831114517,871796
20240831114518,871796
20240831114519,871796
20240831114520,871796
20240831114521,871796
20240831114522,871796
20240831114523,871796
20240831114524,871796
20240831114525,871796
20240831114526,871796
20240831114527,871796
20240831114529,871796
20240831114530,871796
20240831114531,871796
20240831114532,871796
20240831114533,871796
20240831114534,871796
20240831114535,871796
20240831114536,871796
20240831114537,871796
20240831114538,871796
20240831114539,871796
20240831114540,871796
20240831114541,871796
20240831114542,871796
20240831114543,871796
20240831114544,871796
20240831114545,871796
20240831114546,871796
20240831114547,871796
20240831114548,871796
20240831114549,871796
20240831114550,871796
20240831114551,871796
20240831114552,871796
20240831114553,871796
20240831114554,871796
20240831114555,871796
20240831114556,871796
20240831114557,871796
20240831114558,871796
20240831114559,871796
20240831114600,871796
20240831114601,871796
20240831114602,871796
20240831114603,871796
20240831114604,871796
20240831114605,871796
20240831114606,871796
20240831114607,871796
20240831114608,871796
20240831114609,871796
20240831114610,871796
20240831114611,871796
20240831114612,871796
20240831114613,871796
20240831114614,871796
20240831114615,871796
20240831114616,871796
20240831114617,871796
20240831114618,871796
20240831114620,871796
20240831114621,871796
20240831114622,871796
20240831114623,871796
20240831114624,871796
20240831114625,871796
20240831114626,871796
20240831114627,871796
20240831114628,871796
20240831114629,871796
20240831114630,871796
20240831114631,871796
20240831114632,871796
20240831114633,871796
20240831114634,871796
20240831114635,871796
20240831114636,871796
20240831114637,871796
20240831114638,871796
20240831114639,871796
20240831114640,871796
20240831114641,871924
20240831114642,871924
20240831114643,871924
20240831114644,871924
20240831114645,871924
20240831114646,871924
20240831114647,871924
20240831114648,871924
20240831114649,871924
20240831114650,871924
20240831114651,871924
20240831114652,871924
20240831114653,871924
20240831114654,871924
20240831114655,871924
20240831114656,871924
20240831114657,871924
20240831114658,871924
20240831114659,871924
20240831114700,871924
20240831114701,871924
20240831114702,871924
20240831114703,871924
20240831114704,871924
20240831114705,871924
20240831114706,871924
20240831114708,871924
20240831114709,871924
20240831114710,871924
20240831114711,871924
20240831114712,871924
20240831114713,871924
20240831114714,871924
20240831114715,871924
20240831114716,871924
20240831114717,871924
20240831114718,871924
20240831114719,871924
20240831114720,871924
20240831114721,871924
20240831114722,871924
20240831114723,871924
20240831114724,871924
20240831114725,871924
20240831114726,871924
20240831114727,871924
20240831114728,871924
20240831114729,871924
20240831114730,871924
20240831114731,871924
20240831114732,871924
20240831114733,871924
20240831114734,871924
20240831114735,871924
20240831114736,871924
20240831114737,872692
20240831114738,872692
20240831114739,872692
20240831114740,872692
20240831114741,872692
20240831114742,872692
20240831114743,872692
20240831114744,872692
20240831114745,872692
20240831114746,872692
20240831114747,872820
20240831114748,872820
20240831114749,872820
20240831114750,872820
20240831114751,872820
20240831114752,872820
20240831114753,872820
20240831114754,872820
20240831114755,872820
20240831114756,872820
20240831114758,872820
20240831114759,872820
20240831114800,872820
20240831114801,872820
20240831114802,872820
20240831114803,872820
20240831114804,872820
20240831114805,872820
20240831114806,872820
20240831114807,872820
20240831114808,872820
20240831114809,872820
20240831114810,872820
20240831114811,872820
20240831114812,872820
20240831114813,872820
20240831114814,872820
20240831114815,872820
20240831114816,872820
20240831114817,872820
20240831114818,872820
20240831114819,872820
20240831114820,872820
20240831114821,872820
20240831114822,872820
20240831114823,872820
20240831114824,872820
20240831114825,872820
20240831114826,872820
20240831114827,872820
20240831114828,872820
20240831114829,872820
20240831114830,872820
20240831114831,872820
20240831114832,872820
20240831114833,872820
20240831114834,872820
20240831114835,872820
20240831114836,872820
20240831114837,872820
20240831114838,872820
20240831114839,872820
20240831114840,872820
20240831114841,872820
20240831114842,872820
20240831114843,872820
20240831114844,872820
20240831114845,872820
20240831114846,872820
20240831114847,872820
20240831114848,872820
20240831114849,874612
20240831114851,874612
20240831114852,874612
20240831114853,874612
20240831114854,874612
20240831114855,874612
20240831114856,874612
20240831114857,874612
20240831114858,874612
20240831114859,874612
20240831114900,879860
20240831114901,879860
20240831114902,879860
20240831114903,879860
20240831114904,879860
20240831114905,879860
20240831114906,879860
20240831114907,879860
20240831114908,879860
20240831114909,879860
20240831114910,882036
20240831114911,882036
20240831114912,882036
20240831114913,882036
20240831114914,882036
20240831114915,882036
20240831114916,882036
20240831114917,882036
20240831114918,882036
20240831114919,882036
20240831114920,890356
20240831114921,890356
20240831114922,890356
20240831114923,890356
20240831114924,890356
20240831114925,890356
20240831114926,890356
20240831114927,890356
20240831114928,890356
20240831114929,890356
20240831114930,894452
20240831114931,894452
20240831114932,894452
20240831114933,894452
20240831114934,894452
20240831114935,894452
20240831114936,894452
20240831114937,894452
20240831114939,894452
20240831114940,894452
20240831114941,898548
20240831114942,898548
20240831114943,898548
20240831114944,898548
20240831114945,898548
20240831114946,898548
20240831114947,898548
20240831114948,898548
20240831114949,898548
20240831114950,898548
20240831114951,898548
20240831114952,898548
20240831114953,898548
20240831114954,898548
20240831114955,898548
20240831114956,898548
20240831114957,898548
20240831114958,898548
20240831114959,898548
20240831115000,898548
20240831115001,898548
20240831115002,898548
20240831115003,898548
20240831115004,898548
20240831115005,898548
20240831115006,898548
20240831115007,898548
20240831115008,898548
20240831115009,898548
20240831115010,898548
20240831115011,898548
20240831115012,898548
20240831115013,898548
20240831115014,898548
20240831115015,898548
20240831115016,898548
20240831115017,898548
20240831115018,898548
20240831115019,898548
20240831115020,898548
20240831115021,898548
20240831115022,898548
20240831115023,898548
20240831115024,898548
20240831115025,898548
20240831115026,898548
20240831115027,898548
20240831115028,898548
20240831115030,898548
20240831115031,898548
20240831115032,898548
20240831115033,898548
20240831115034,898548
20240831115035,898548
20240831115036,898548
20240831115037,898548
20240831115038,898548
20240831115039,898676
20240831115040,898676
20240831115041,898676
20240831115042,898676
20240831115043,898676
20240831115044,898676
20240831115045,898676
20240831115046,898676
20240831115047,898676
20240831115048,898676
20240831115049,898676
20240831115050,898676
20240831115051,898676
20240831115052,898676
20240831115053,898676
20240831115054,898676
20240831115055,898676
20240831115056,898804
20240831115057,898804
20240831115058,898804
20240831115059,898804
20240831115100,898804
20240831115101,898804
20240831115102,898804
20240831115103,898804
20240831115104,898804
20240831115105,898804
20240831115106,898804
20240831115107,898804
20240831115108,898804
20240831115109,898804
20240831115110,898804
20240831115111,898804
20240831115112,898804
20240831115113,898804
20240831115114,898804
20240831115115,898804
20240831115116,898804
20240831115117,898804
20240831115118,898804
20240831115119,898804
20240831115120,898804
20240831115121,898804
20240831115122,898804
20240831115124,898804
20240831115125,898804
20240831115126,898804
20240831115127,898804
20240831115128,898804
20240831115129,898804
20240831115130,898804
20240831115131,898804
20240831115132,898804
20240831115133,898804
20240831115134,898804
20240831115135,898804
20240831115136,898804
20240831115137,898804
20240831115138,898804
20240831115139,898804
20240831115140,898804
20240831115141,898804
20240831115142,898804
20240831115143,898804
20240831115144,898804
20240831115145,898804
20240831115146,898804
20240831115147,898804
20240831115148,898804
20240831115149,898804
20240831115150,898804
20240831115151,898804
20240831115152,898804
20240831115153,898804
20240831115154,898804
20240831115155,898804
20240831115156,898804
20240831115157,898804
20240831115158,898804
20240831115159,898804
20240831115200,898804
20240831115201,898804
20240831115202,898804
20240831115203,898804
20240831115204,898804
20240831115205,898804
20240831115206,898804
20240831115207,898804
20240831115208,898804
20240831115209,898804
20240831115210,898804
20240831115212,898804
20240831115213,898804
20240831115214,898804
20240831115215,898804
20240831115216,898804
20240831115217,898804
20240831115218,898804
20240831115219,898804
20240831115220,898804
20240831115221,898804
20240831115222,898804
20240831115223,898804
20240831115224,898804
20240831115225,898804
20240831115226,898932
20240831115227,898932
20240831115228,898932
20240831115229,898932
20240831115230,898932
20240831115231,898932
20240831115232,898932
20240831115233,898932
20240831115234,898932
20240831115235,898932
20240831115236,898932
20240831115237,898932
20240831115238,898932
20240831115239,898932
20240831115240,898932
20240831115241,898932
20240831115242,898932
20240831115243,898932
20240831115244,898932
20240831115245,898932
20240831115246,898932
20240831115247,898932
20240831115248,898932
20240831115249,898932
20240831115250,898932
20240831115251,898932
20240831115252,898932
20240831115253,898932
20240831115254,898932
20240831115255,898932
20240831115256,898932
20240831115257,898932
20240831115258,898932
20240831115259,898932
